{
  "$schema": "https://schema.management.azure.com/schemas/2019-04-01/deploymentTemplate.json#",
  "contentVersion": "1.0.0.0",
  "parameters": {
    "subscriptionId": {
      "type": "string",
      "defaultValue": "[subscription().subscriptionId]",
      "metadata": {
        "description": "Subscription ID."
      }
    },
    "location": {
      "type": "string",
      "metadata": {
        "description": "Deployment location"
      },
      "defaultValue": "[resourceGroup().location]"
    },
    "cloudGuardVersion": {
      "type": "string",
      "allowedValues": [
        "R80.40 - Bring Your Own License",
        "R80.40 - Pay As You Go (NGTP)",
        "R80.40 - Pay As You Go (NGTX)",
        "R81 - Bring Your Own License",
        "R81 - Pay As You Go (NGTP)",
        "R81 - Pay As You Go (NGTX)",
        "R81.10 - Bring Your Own License",
        "R81.10 - Pay As You Go (NGTP)",
        "R81.10 - Pay As You Go (NGTX)",
        "R81.20 - Bring Your Own License",
        "R81.20 - Pay As You Go (NGTP)",
        "R81.20 - Pay As You Go (NGTX)"
      ],
      "defaultValue": "R81.10 - Bring Your Own License",
      "metadata": {
        "description": "Version of Check Point CloudGuard"
      }
    },
    "adminPassword": {
      "type": "securestring",
      "metadata": {
        "description": "Administrator password"
      },
      "defaultValue": ""
    },
    "authenticationType": {
      "type": "string",
      "allowedValues": [
        "password",
        "sshPublicKey"
      ],
      "defaultValue": "password",
      "metadata": {
        "description": "Authentication type"
      }
    },
    "sshPublicKey": {
      "type": "string",
      "defaultValue": "",
      "metadata": {
        "description": "Administrator SSH public key"
      }
    },
    "vmName": {
      "type": "string",
      "metadata": {
        "description": "Name of the Check Point Security Gateway"
      }
    },
    "vmSize": {
      "type": "string",
      "defaultValue": "Standard_D3_v2",
      "metadata": {
        "description": "Size of the VM"
      }
    },
    "adminShell": {
      "type": "string",
      "defaultValue": "/etc/cli.sh",
      "allowedValues": [
        "/etc/cli.sh",
        "/bin/bash",
        "/bin/csh",
        "/bin/tcsh"
      ],
      "metadata": {
        "Description": "The default shell for the admin user"
      }
    },
    "sicKey": {
      "type": "securestring",
      "metadata": {
        "description": "One time key for Secure Internal Communication"
      }
    },
    "virtualNetworkName": {
      "type": "string",
      "metadata": {
        "description": "The name of the virtual network"
      },
      "defaultValue": "vnet"
    },
    "virtualNetworkAddressPrefix": {
      "type": "string",
      "metadata": {
        "description": "The address prefix of the virtual network"
      },
      "defaultValue": "10.0.0.0/16"
    },
    "Subnet1Name": {
      "type": "string",
      "metadata": {
        "description": "The name of the 1st subnet"
      },
      "defaultValue": "Frontend"
    },
    "Subnet1Prefix": {
      "type": "string",
      "metadata": {
        "description": "The address prefix of the 1st subnet"
      },
      "defaultValue": "10.0.1.0/24"
    },
    "Subnet1StartAddress": {
      "type": "string",
      "metadata": {
        "description": "The first available address on the 1st subnet"
      },
      "defaultValue": "10.0.1.10"
    },
    "Subnet2Name": {
      "type": "string",
      "metadata": {
        "description": "The name of the 2nd subnet"
      },
      "defaultValue": "Backend"
    },
    "Subnet2Prefix": {
      "type": "string",
      "metadata": {
        "description": "The address prefix of the 2nd subnet"
      },
      "defaultValue": "10.0.2.0/24"
    },
    "Subnet2StartAddress": {
      "type": "string",
      "metadata": {
        "description": "The first available address on the 2nd subnet"
      },
      "defaultValue": "10.0.2.10"
    },
    "vnetNewOrExisting": {
      "type": "string",
      "defaultValue": "new",
      "allowedValues": [
        "new",
        "existing"
      ],
      "metadata": {
        "Description": "Indicates whether the virtual network is new or existing"
      }
    },
    "virtualNetworkExistingRGName": {
      "type": "string",
      "metadata": {
        "description": "Resource Group of the existing virtual network"
      },
      "defaultValue": "[resourceGroup().name]"
    },
    "managementGUIClientNetwork": {
      "type": "string",
      "metadata": {
        "description": "Allowed GUI clients"
      },
      "defaultValue": "0.0.0.0/0"
    },
    "installationType": {
      "type": "string",
      "metadata": {
        "description": "Installation Type"
      },
      "defaultValue": "gateway",
      "allowedValues": [
        "standalone",
        "gateway",
        "custom"
      ]
    },
    "bootstrapScript": {
      "type": "string",
      "metadata": {
        "description": "Bootstrap script"
      },
      "defaultValue": ""
    },
    "allowDownloadFromUploadToCheckPoint": {
      "type": "string",
      "allowedValues": [
        "true",
        "false"
      ],
      "defaultValue": "true",
      "metadata": {
        "description": "Automatically download Blade Contracts and other important data. Improve product experience by sending data to Check Point"
      }
    },
    "additionalDiskSizeGB": {
      "type": "int",
      "defaultValue": 0,
      "metadata": {
        "description": "Amount of additional disk space (in GB)"
      },
      "minValue": 0,
      "maxValue": 3995
    },
    "diskType": {
      "type": "string",
      "defaultValue": "Standard_LRS",
      "metadata": {
        "description": "The type of the OS disk. Premium is applicable only to DS machine sizes"
      },
      "allowedValues": [
        "Standard_LRS",
        "Premium_LRS"
      ]
    },
    "sourceImageVhdUri": {
      "type": "string",
      "defaultValue": "noCustomUri",
      "metadata": {
        "description": "The URI of the blob containing the development image"
      }
    },
    "_artifactsLocation": {
      "type": "string",
      "metadata": {
        "description": "Use the following URI when deploying a custom template: https://raw.githubusercontent.com/CheckPointSW/CloudGuardIaaS/master/azure/templates/"
      },
      "defaultValue": "[deployment().properties.templateLink.uri]"
    },
    "_artifactsLocationSasToken": {
      "type": "securestring",
      "metadata": {
        "description": "The sasToken required to access _artifactsLocation.  When the template is deployed using the accompanying scripts, a sasToken will be automatically generated. Use the defaultValue if the staging location is not secured."
      },
      "defaultValue": ""
    },
    "customMetrics": {
      "type": "string",
      "allowedValues": [
        "no",
        "yes"
      ],
      "defaultValue": "yes",
      "metadata": {
        "Description": "Indicates whether CloudGuard Metrics will be used for this VM monitoring"
      }
    },
    "smart1CloudToken": {
      "type": "securestring",
      "defaultValue": ""
    },
    "rbacGuid": {
      "type": "string",
      "defaultValue": "[newGuid()]"
    },
    "tagsByResource": {
      "type": "object",
      "defaultValue": {}
    },
    "deployNewNSG": {
      "type": "bool",
      "defaultValue": true
    },
    "ExistingNSG": {
      "type": "object",
      "defaultValue": {}
    },
    "NewNsgName": {
      "type": "string",
      "defaultValue": "[concat(parameters('vmName'),'-nsg')]"
    }
  },
  "variables": {
    "templateName": "single",
    "templateVersion": "20230124",
    "location": "[parameters('location')]",
    "offers": {
      "R80.40 - Bring Your Own License": "BYOL",
      "R80.40 - Pay As You Go (NGTP)": "NGTP",
      "R80.40 - Pay As You Go (NGTX)": "NGTX",
      "R81 - Bring Your Own License": "BYOL",
      "R81 - Pay As You Go (NGTP)": "NGTP",
      "R81 - Pay As You Go (NGTX)": "NGTX",
      "R81.10 - Bring Your Own License": "BYOL",
      "R81.10 - Pay As You Go (NGTP)": "NGTP",
      "R81.10 - Pay As You Go (NGTX)": "NGTX",
      "R81.20 - Bring Your Own License": "BYOL",
      "R81.20 - Pay As You Go (NGTP)": "NGTP",
      "R81.20 - Pay As You Go (NGTX)": "NGTX"
    },
    "offer": "[variables('offers')[parameters('cloudGuardVersion')]]",
    "osVersions": {
      "R80.40 - Bring Your Own License": "R8040",
      "R80.40 - Pay As You Go (NGTP)": "R8040",
      "R80.40 - Pay As You Go (NGTX)": "R8040",
      "R81 - Bring Your Own License": "R81",
      "R81 - Pay As You Go (NGTP)": "R81",
      "R81 - Pay As You Go (NGTX)": "R81",
      "R81.10 - Bring Your Own License": "R8110",
      "R81.10 - Pay As You Go (NGTP)": "R8110",
      "R81.10 - Pay As You Go (NGTX)": "R8110",
      "R81.20 - Bring Your Own License": "R8120",
      "R81.20 - Pay As You Go (NGTP)": "R8120",
      "R81.20 - Pay As You Go (NGTX)": "R8120"
    },
    "osVersion": "[variables('osVersions')[parameters('cloudGuardVersion')]]",
    "installationType": "[parameters('installationType')]",
    "isBlink": "[equals(variables('installationType'), 'gateway')]",
    "storageAccountName": "[concat('bootdiag', uniqueString(resourceGroup().id, deployment().name))]",
    "storageAccountType": "Standard_LRS",
    "diskSize100GB": 100,
    "diskSizeGB": "[add(parameters('additionalDiskSizeGB'), variables('diskSize100GB'))]",
    "customData": "[concat('#!/usr/bin/python3 /etc/cloud_config.py\n', '\n', 'installationType=\"', variables('installationType'), '\"', '\n', 'allowUploadDownload=\"', variables('allowUploadDownload'), '\"', '\n', 'osVersion=\"', variables('osVersion'), '\"', '\n', 'templateName=\"', variables('templateName'), '\"', '\n', 'isBlink=\"', variables('isBlink'), '\"', '\n', 'templateVersion=\"', variables('templateVersion'), '\"', '\n', 'bootstrapScript64=\"', variables('bootstrapScript64'), '\"', '\n', 'location=\"', variables('location'), '\"', '\n', 'sicKey=\"', variables('sicKey'), '\"', '\n', 'managementGUIClientNetwork=\"', variables('managementGUIClientNetwork'), '\"', '\n', 'customMetrics=\"', variables('customMetrics'), '\"', '\n', 'adminShell=\"', parameters('adminShell'), '\"', '\n', 'smart1CloudToken=\"', parameters('smart1CloudToken'), '\"', '\n')]",
    "imageOffer": "[concat('check-point-cg-', toLower(variables('osVersion')))]",
    "imagePublisher": "checkpoint",
    "imageSku": "[if(and(equals(parameters('installationType'), 'standalone'), or(equals(variables('osVersion'),'R8040'), equals(variables('osVersion'),'R81'), equals(variables('osVersion'),'R8110'), equals(variables('osVersion'),'R8120'))), 'mgmt-byol', 'sg-byol')]",
    "imageReferenceBYOL": {
      "offer": "[variables('imageOffer')]",
      "publisher": "[variables('imagePublisher')]",
      "sku": "[variables('imageSku')]",
      "version": "latest"
    },
    "imageReferenceNGTP": {
      "offer": "[variables('imageOffer')]",
      "publisher": "[variables('imagePublisher')]",
      "sku": "sg-ngtp",
      "version": "latest"
    },
    "imageReferenceNGTP-V2": {
      "offer": "[variables('imageOffer')]",
      "publisher": "[variables('imagePublisher')]",
      "sku": "sg-ngtp-v2",
      "version": "latest"
    },
    "imageReferenceNGTX": {
      "offer": "[variables('imageOffer')]",
      "publisher": "[variables('imagePublisher')]",
      "sku": "sg-ngtx",
      "version": "latest"
    },
    "imageReferenceNGTX-V2": {
      "offer": "[variables('imageOffer')]",
      "publisher": "[variables('imagePublisher')]",
      "sku": "sg-ngtx-v2",
      "version": "latest"
    },
    "imageReferenceMarketplace": "[if(equals(variables('offer'), 'BYOL'), variables('imageReferenceBYOL'), if(equals(variables('offer'), 'NGTP'), variables('imageReferenceNGTP'), if(equals(variables('offer'), 'NGTP-V2'), variables('imageReferenceNGTP-V2'), if(equals(variables('offer'), 'NGTX'), variables('imageReferenceNGTX'), if(equals(variables('offer'), 'NGTX-V2'), variables('imageReferenceNGTX-V2'), json('null'))))))]",
    "customImage": "customImage",
    "imageReferenceCustomUri": {
      "id": "[resourceId('Microsoft.Compute/images/', variables('customImage'))]"
    },
    "imageReference": "[if(equals(parameters('sourceImageVhdUri'),'noCustomUri'), variables('imageReferenceMarketplace'), variables('imageReferenceCustomUri'))]",
    "nic1Name": "[concat(parameters('vmName'), '-eth0')]",
    "nic2Name": "[concat(parameters('vmName'), '-eth1')]",
    "linuxConfigurationpassword": {
      "disablePasswordAuthentication": "false"
    },
    "linuxConfigurationsshPublicKey": {
      "disablePasswordAuthentication": "true",
      "ssh": {
        "publicKeys": [
          {
            "keyData": "[parameters('sshPublicKey')]",
            "path": "/home/notused/.ssh/authorized_keys"
          }
        ]
      }
    },
    "linuxConfiguration": "[if(equals(parameters('authenticationType'), 'password'),  variables('linuxConfigurationpassword'), variables('linuxConfigurationsshPublicKey'))]",
    "planBYOL": {
      "name": "[variables('imageSku')]",
      "product": "[variables('imageOffer')]",
      "publisher": "[variables('imagePublisher')]"
    },
    "planNGTP": {
      "name": "sg-ngtp",
      "product": "[variables('imageOffer')]",
      "publisher": "[variables('imagePublisher')]"
    },
    "planNGTP-V2": {
      "name": "sg-ngtp-v2",
      "product": "[variables('imageOffer')]",
      "publisher": "[variables('imagePublisher')]"
    },
    "planNGTX": {
      "name": "sg-ngtx",
      "product": "[variables('imageOffer')]",
      "publisher": "[variables('imagePublisher')]"
    },
    "planNGTX-V2": {
      "name": "sg-ngtx-v2",
      "product": "[variables('imageOffer')]",
      "publisher": "[variables('imagePublisher')]"
    },
    "plan": "[if(equals(variables('offer'), 'BYOL') , variables('planBYOL'), if(equals(variables('offer'), 'NGTP'), variables('planNGTP'), if(equals(variables('offer'), 'NGTP-V2'), variables('planNGTP-V2'), if(equals(variables('offer'), 'NGTX'), variables('planNGTX'), if(equals(variables('offer'), 'NGTX-V2'), variables('planNGTX-V2'), json('null'))))))]",
    "publicIPAddressName": "[parameters('vmName')]",
    "publicIPAddressId": "[resourceId('Microsoft.Network/publicIPAddresses/', variables('publicIPAddressName'))]",
    "bootstrapScript64": "[base64(parameters('bootstrapScript'))]",
    "allowUploadDownload": "[parameters('allowDownloadFromUploadToCheckPoint')]",
    "networkSetupURL": "[uri(parameters('_artifactsLocation'), concat('nestedtemplates/vnet-', parameters('vnetNewOrExisting'), '.json', parameters('_artifactsLocationSasToken')))]",
    "sicKey": "[parameters('sicKey')]",
    "managementGUIClientNetwork": "[parameters('managementGUIClientNetwork')]",
    "vmID": "[resourceId('Microsoft.Compute/virtualMachines/', parameters('vmName'))]",
    "customMetrics": "[parameters('customMetrics')]",
    "identity": "[json('{\"type\": \"SystemAssigned\"}')]",
    "monitoringMetricsPublisher": "[concat('/subscriptions/', parameters('subscriptionId'), '/providers/Microsoft.Authorization/roleDefinitions/', '3913510d-42f4-4e42-8a64-420c390055eb')]",
    "deployNewVnet": "[equals(parameters('vnetNewOrExisting'), 'new')]",
    "vnetRGName": "[if(variables('deployNewVnet'), resourceGroup().name, parameters('virtualNetworkExistingRGName'))]",
    "NewNsgReference": {
      "id": "[resourceId('Microsoft.Network/networkSecurityGroups', parameters('NewNsgName'))]"
    }
  },
  "resources": [
    {
      "apiVersion": "2020-06-01",
      "name": "pid-6f13b00a-7546-4ab2-be9f-c66815cc6c8b-partnercenter",
      "type": "Microsoft.Resources/deployments",
      "properties": {
        "mode": "Incremental",
        "template": {
          "$schema": "https://schema.management.azure.com/schemas/2015-01-01/deploymentTemplate.json#",
          "contentVersion": "1.0.0.0",
          "resources": []
        }
      }
    },
    {
      "type": "Microsoft.Storage/storageAccounts",
      "name": "[variables('storageAccountName')]",
      "apiVersion": "2021-04-01",
      "properties": {
        "supportsHttpsTrafficOnly": true,
        "allowBlobPublicAccess": false,
        "minimumTlsVersion": "TLS1_2"
      },
      "location": "[variables('location')]",
      "sku": {
        "name": "[variables('storageAccountType')]"
      },
      "kind": "Storage",
      "tags": "[ if(contains(parameters('tagsByResource'), 'Microsoft.Storage/storageAccounts'), parameters('tagsByResource')['Microsoft.Storage/storageAccounts'], json('{}')) ]"
    },
    {
      "condition": "[equals(parameters('vnetNewOrExisting'), 'new')]",
      "name": "networkNewSetup",
      "type": "Microsoft.Resources/deployments",
      "apiVersion": "2020-06-01",
      "properties": {
        "mode": "Incremental",
        "templateLink": {
          "uri": "[variables('networkSetupURL')]",
          "contentVersion": "1.0.0.0"
        },
        "parameters": {
          "location": {
            "value": "[variables('location')]"
          },
          "virtualNetworkName": {
            "value": "[parameters('virtualNetworkName')]"
          },
          "virtualNetworkAddressPrefix": {
            "value": "[parameters('virtualNetworkAddressPrefix')]"
          },
          "Subnet1Name": {
            "value": "[parameters('Subnet1Name')]"
          },
          "Subnet1Prefix": {
            "value": "[parameters('Subnet1Prefix')]"
          },
          "Subnet1StartAddress": {
            "value": "[parameters('Subnet1StartAddress')]"
          },
          "Subnet2Name": {
            "value": "[parameters('Subnet2Name')]"
          },
          "Subnet2Prefix": {
            "value": "[parameters('Subnet2Prefix')]"
          },
          "Subnet2StartAddress": {
            "value": "[parameters('Subnet2StartAddress')]"
          },
          "tagsByResource": {
            "value": "[parameters('tagsByResource')]"
          },
          "deployNsg": {
            "value": "[parameters('deployNewNSG')]"
          },
          "NewNsgName": {
            "value": "[parameters('NewNsgName')]"
          }
        }
      }
    },
    {
      "condition": "[equals(parameters('vnetNewOrExisting'), 'existing')]",
      "name": "networkExistingSetup",
      "type": "Microsoft.Resources/deployments",
      "apiVersion": "2020-06-01",
      "properties": {
        "mode": "Incremental",
        "templateLink": {
          "uri": "[variables('networkSetupURL')]",
          "contentVersion": "1.0.0.0"
        },
        "parameters": {
          "location": {
            "value": "[variables('location')]"
          },
          "virtualNetworkName": {
            "value": "[parameters('virtualNetworkName')]"
          },
          "virtualNetworkExistingRGName": {
            "value": "[variables('vnetRGName')]"
          },
          "tagsByResource": {
            "value": "[parameters('tagsByResource')]"
          },
          "deployNsg": {
            "value": "[parameters('deployNewNSG')]"
          },
          "NewNsgName": {
            "value": "[parameters('NewNsgName')]"
          }
        }
      }
    },
    {
      "type": "Microsoft.Network/publicIPAddresses",
      "apiVersion": "2020-06-01",
      "location": "[variables('location')]",
      "name": "[variables('publicIPAddressName')]",
      "properties": {
        "idleTimeoutInMinutes": 30,
        "publicIPAllocationMethod": "Static",
        "dnsSettings": {
          "domainNameLabel": "[concat(toLower(parameters('vmName')), '-', uniquestring(resourceGroup().id, deployment().name))]"
        }
      },
      "tags": "[ if(contains(parameters('tagsByResource'), 'Microsoft.Network/publicIPAddresses'), parameters('tagsByResource')['Microsoft.Network/publicIPAddresses'], json('{}')) ]"
    },
    {
      "type": "Microsoft.Network/networkInterfaces",
      "apiVersion": "2020-06-01",
      "dependsOn": [
        "[coalesce(resourceId('Microsoft.Resources/deployments/', 'networkNewSetup'), resourceId('Microsoft.Resources/deployments', 'networkExistingSetup'))]",
        "[variables('publicIPAddressId')]"
      ],
      "location": "[variables('location')]",
      "name": "[variables('nic1Name')]",
      "properties": {
        "enableIPForwarding": true,
        "enableAcceleratedNetworking": "[not(equals(variables('osVersion'), 'R8010'))]",
        "networkSecurityGroup": "[if(parameters('deployNewNSG') , variables('NewNsgReference') , parameters('ExistingNSG'))]",
        "ipConfigurations": [
          {
            "name": "ipconfig1",
            "properties": {
              "privateIPAddress": "[parameters('Subnet1StartAddress')]",
              "privateIPAllocationMethod": "Static",
              "PublicIpAddress": {
                "Id": "[variables('publicIPAddressId')]"
              },
              "subnet": {
                "id": "[resourceId(variables('vnetRGName'), 'Microsoft.Network/virtualNetworks/subnets/', parameters('virtualNetworkName'), parameters('Subnet1Name'))]"
              }
            }
          }
        ]
      },
      "tags": "[ if(contains(parameters('tagsByResource'), 'Microsoft.Network/networkInterfaces'), parameters('tagsByResource')['Microsoft.Network/networkInterfaces'], json('{}')) ]"
    },
    {
      "type": "Microsoft.Network/networkInterfaces",
      "apiVersion": "2020-06-01",
      "dependsOn": [
        "[coalesce(resourceId('Microsoft.Resources/deployments/', 'networkNewSetup'), resourceId('Microsoft.Resources/deployments/', 'networkExistingSetup'))]"
      ],
      "location": "[variables('location')]",
      "name": "[variables('nic2Name')]",
      "properties": {
        "enableIPForwarding": true,
        "enableAcceleratedNetworking": "[not(equals(variables('osVersion'), 'R8010'))]",
        "ipConfigurations": [
          {
            "name": "ipconfig2",
            "properties": {
              "privateIPAddress": "[parameters('Subnet2StartAddress')]",
              "privateIPAllocationMethod": "Static",
              "subnet": {
                "id": "[resourceId(variables('vnetRGName'), 'Microsoft.Network/virtualNetworks/subnets/', parameters('virtualNetworkName'), parameters('Subnet2Name'))]"
              }
            }
          }
        ]
      },
      "tags": "[ if(contains(parameters('tagsByResource'), 'Microsoft.Network/networkInterfaces'), parameters('tagsByResource')['Microsoft.Network/networkInterfaces'], json('{}')) ]"
    },
    {
      "condition": "[not(equals(parameters('sourceImageVhdUri'), 'noCustomUri'))]",
      "type": "Microsoft.Compute/images",
      "apiVersion": "2020-06-01",
      "name": "[variables('customImage')]",
      "location": "[variables('location')]",
      "properties": {
        "storageProfile": {
          "osDisk": {
            "osType": "Linux",
            "osState": "Generalized",
            "blobUri": "[parameters('sourceImageVhdUri')]",
            "storageAccountType": "Standard_LRS"
          }
        },
        "hyperVGeneration": "V1"
      },
      "tags": "[ if(contains(parameters('tagsByResource'), 'Microsoft.Compute/images'), parameters('tagsByResource')['Microsoft.Compute/images'], json('{}')) ]"
    },
    {
      "type": "Microsoft.Compute/virtualMachines",
      "apiVersion": "2021-07-01",
      "dependsOn": [
        "[resourceId('Microsoft.Storage/storageAccounts/', variables('storageAccountName'))]",
        "[resourceId('Microsoft.Network/networkInterfaces/', variables('nic1Name'))]",
        "[resourceId('Microsoft.Network/networkInterfaces/', variables('nic2Name'))]",
        "[resourceId('Microsoft.Compute/images/', variables('customImage'))]"
      ],
      "location": "[variables('location')]",
      "name": "[parameters('vmName')]",
      "plan": "[if(equals(parameters('sourceImageVhdUri'),'noCustomUri'), variables('plan'), json('null'))]",
      "identity": "[if(equals(variables('customMetrics'), 'yes'), variables('identity'), json('null'))]",
      "properties": {
        "UserData": "[base64(concat(variables('customData'), '\n', 'vnet=\"', if(equals(parameters('vnetNewOrExisting'), 'new'), reference('networkNewSetup').outputs.vnetAddressPrefix.value, reference('networkExistingSetup').outputs.vnetAddressPrefix.value), '\"', '\n' ))]",
        "diagnosticsProfile": {
          "bootDiagnostics": {
            "enabled": "true",
            "storageUri": "[reference(resourceId('Microsoft.Storage/storageAccounts/', variables('storageAccountName')), '2021-06-01').primaryEndpoints.blob]"
          }
        },
        "hardwareProfile": {
          "vmSize": "[parameters('vmSize')]"
        },
        "networkProfile": {
          "networkInterfaces": [
            {
              "id": "[resourceId('Microsoft.Network/networkInterfaces/', variables('nic1Name'))]",
              "properties": {
                "primary": true
              }
            },
            {
              "id": "[resourceId('Microsoft.Network/networkInterfaces/', variables('nic2Name'))]",
              "properties": {
                "primary": false
              }
            }
          ]
        },
        "osProfile": {
          "adminPassword": "[parameters('adminPassword')]",
          "adminUsername": "[concat('not','used')]",
          "computerName": "[toLower(parameters('vmName'))]",
          "customData": "[base64(concat(variables('customData'), '\n', 'vnet=\"', if(equals(parameters('vnetNewOrExisting'), 'new'), reference('networkNewSetup').outputs.vnetAddressPrefix.value, reference('networkExistingSetup').outputs.vnetAddressPrefix.value), '\"', '\n' ))]",
          "linuxConfiguration": "[variables('linuxConfiguration')]"
        },
        "storageProfile": {
          "imageReference": "[variables('imageReference')]",
          "osDisk": {
            "caching": "ReadWrite",
            "createOption": "FromImage",
            "diskSizeGB": "[variables('diskSizeGB')]",
            "name": "[parameters('vmName')]",
            "managedDisk": {
              "storageAccountType": "[parameters('diskType')]"
            }
          }
        }
      },
      "tags": "[ if(contains(parameters('tagsByResource'), 'Microsoft.Compute/virtualMachines'), parameters('tagsByResource')['Microsoft.Compute/virtualMachines'], json('{}')) ]"
    },
    {
      "condition": "[equals(variables('customMetrics'), 'yes')]",
      "apiVersion": "2020-04-01-preview",
      "type": "Microsoft.Authorization/roleAssignments",
      "name": "[parameters('rbacGuid')]",
      "properties": {
        "roleDefinitionId": "[variables('monitoringMetricsPublisher')]",
        "principalId": "[reference(variables('vmID'), '2019-12-01', 'Full').identity.principalId]",
        "scope": "[resourceGroup().id]"
      },
      "dependsOn": [
        "[variables('vmID')]"
      ],
      "tags": "[ if(contains(parameters('tagsByResource'), 'Microsoft.Authorization/roleAssignments'), parameters('tagsByResource')['Microsoft.Authorization/roleAssignments'], json('{}')) ]"
    }
  ],
  "outputs": {
    "GatewayIPAddr": {
      "type": "string",
      "value": "[reference(variables('publicIPAddressId')).IpAddress]"
    },
    "GatewayFQDN": {
      "type": "string",
      "value": "[reference(variables('publicIPAddressId')).dnsSettings.fqdn]"
    }
  }
}