{"Modules":[{"Key":"","Source":"","Dir":"."},{"Key":"launch_cluster_into_vpc","Source":"../cluster","Dir":"../cluster"},{"Key":"launch_cluster_into_vpc.cluster_ram_role","Source":"../modules/cluster-ram-role","Dir":"../modules/cluster-ram-role"},{"Key":"launch_cluster_into_vpc.common_cluster_primary_eip","Source":"../modules/common/elastic_ip","Dir":"../modules/common/elastic_ip"},{"Key":"launch_cluster_into_vpc.common_cluster_secondary_eip","Source":"../modules/common/elastic_ip","Dir":"../modules/common/elastic_ip"},{"Key":"launch_cluster_into_vpc.common_internal_default_route","Source":"../modules/common/internal_default_route","Dir":"../modules/common/internal_default_route"},{"Key":"launch_cluster_into_vpc.common_member_a_mgmt_eip","Source":"../modules/common/elastic_ip","Dir":"../modules/common/elastic_ip"},{"Key":"launch_cluster_into_vpc.common_member_b_mgmt_eip","Source":"../modules/common/elastic_ip","Dir":"../modules/common/elastic_ip"},{"Key":"launch_cluster_into_vpc.common_permissive_sg","Source":"../modules/common/permissive_sg","Dir":"../modules/common/permissive_sg"},{"Key":"launch_cluster_into_vpc.images","Source":"../modules/images","Dir":"../modules/images"},{"Key":"launch_cluster_into_vpc.validate_gateway_version","Source":"../modules/common/version_license","Dir":"../modules/common/version_license"},{"Key":"launch_cluster_into_vpc.validate_instance_type","Source":"../modules/common/instance_type","Dir":"../modules/common/instance_type"},{"Key":"launch_management_into_vpc","Source":"../management","Dir":"../management"},{"Key":"launch_management_into_vpc.common_eip","Source":"../modules/common/elastic_ip","Dir":"../modules/common/elastic_ip"},{"Key":"launch_management_into_vpc.images","Source":"../modules/images","Dir":"../modules/images"},{"Key":"launch_management_into_vpc.validate_instance_type","Source":"../modules/common/instance_type","Dir":"../modules/common/instance_type"},{"Key":"launch_management_into_vpc.validate_management_version","Source":"../modules/common/version_license","Dir":"../modules/common/version_license"},{"Key":"launch_vpc","Source":"../modules/vpc","Dir":"../modules/vpc"},{"Key":"validate_gateway_version","Source":"../modules/common/version_license","Dir":"../modules/common/version_license"},{"Key":"validate_instance_type","Source":"../modules/common/instance_type","Dir":"../modules/common/instance_type"},{"Key":"validate_management_version","Source":"../modules/common/version_license","Dir":"../modules/common/version_license"}]}