{
  "$schema": "https://schema.management.azure.com/schemas/2019-04-01/deploymentTemplate.json#",
  "contentVersion": "1.0.0.0",
  "parameters": {
    "location": {
      "type": "string"
    },
    "virtualNetworkName": {
      "type": "string",
      "metadata": {
        "description": "The name of the virtual network"
      },
      "defaultValue": "vnet"
    },
    "virtualNetworkAddressPrefix": {
      "type": "string",
      "metadata": {
        "description": "The address prefix of the virtual network"
      }
    },
    "Subnet1Name": {
      "type": "string",
      "metadata": {
        "description": "The name of the 1st subnet"
      },
      "defaultValue": "Frontend"
    },
    "Subnet1Prefix": {
      "type": "string",
      "metadata": {
        "description": "The address prefix of the 1st subnet"
      },
      "defaultValue": "10.0.1.0/24"
    },
    "Subnet1StartAddress": {
      "type": "string",
      "metadata": {
        "description": "The first avaialable address on the 1st subnet"
      }
    },
    "Subnet2Name": {
      "type": "string",
      "metadata": {
        "description": "The name of the 2nd subnet"
      },
      "defaultValue": "Backend"
    },
    "Subnet2Prefix": {
      "type": "string",
      "metadata": {
        "description": "The address prefix of the 2nd subnet"
      },
      "defaultValue": "10.0.2.0/24"
    },
    "Subnet2StartAddress": {
      "type": "string",
      "metadata": {
        "description": "The first avaialable address on the 2nd subnet"
      }
    },
    "tagsByResource": {
      "type": "object",
      "defaultValue": {}
    },
    "deployNsg": {
      "type": "bool",
      "defaultValue": false
    },
    "NewNsgName": {
      "type": "string",
      "defaultValue": "default-nsg"
    }
  },
  "variables": {},
  "resources": [
    {
      "type": "Microsoft.Network/routeTables",
      "apiVersion": "2020-06-01",
      "location": "[parameters('location')]",
      "name": "[parameters('subnet1Name')]",
      "properties": {
        "routes": [
          {
            "name": "Local-Subnet",
            "properties": {
              "addressPrefix": "[parameters('subnet1Prefix')]",
              "nextHopType": "VnetLocal"
            }
          },
          {
            "name": "To-Internal",
            "properties": {
              "addressPrefix": "[parameters('virtualNetworkAddressPrefix')]",
              "nextHopType": "VirtualAppliance",
              "nextHopIpAddress": "[parameters('subnet1StartAddress')]"
            }
          }
        ]
      },
      "tags": "[ if(contains(parameters('tagsByResource'), 'Microsoft.Network/routeTables'), parameters('tagsByResource')['Microsoft.Network/routeTables'], json('{}')) ]"
    },
    {
      "type": "Microsoft.Network/routeTables",
      "apiVersion": "2020-06-01",
      "location": "[parameters('location')]",
      "name": "[parameters('subnet2Name')]",
      "properties": {
        "routes": [
          {
            "name": "To-Internet",
            "properties": {
              "addressPrefix": "0.0.0.0/0",
              "nextHopType": "VirtualAppliance",
              "nextHopIpAddress": "[parameters('subnet2StartAddress')]"
            }
          }
        ]
      },
      "tags": "[ if(contains(parameters('tagsByResource'), 'Microsoft.Network/routeTables'), parameters('tagsByResource')['Microsoft.Network/routeTables'], json('{}')) ]"
    },
    {
      "type": "Microsoft.Network/virtualNetworks",
      "apiVersion": "2020-06-01",
      "location": "[parameters('location')]",
      "name": "[parameters('virtualNetworkName')]",
      "dependsOn": [
        "[resourceId('Microsoft.Network/routeTables', parameters('subnet1Name'))]",
        "[resourceId('Microsoft.Network/routeTables', parameters('subnet2Name'))]"
      ],
      "properties": {
        "addressSpace": {
          "addressPrefixes": [
            "[parameters('virtualNetworkAddressPrefix')]"
          ]
        },
        "subnets": [
          {
            "name": "[parameters('subnet1Name')]",
            "properties": {
              "addressPrefix": "[parameters('subnet1Prefix')]",
              "routeTable": {
                "id": "[resourceId('Microsoft.Network/routeTables', parameters('subnet1Name'))]"
              }
            }
          },
          {
            "name": "[parameters('subnet2Name')]",
            "properties": {
              "addressPrefix": "[parameters('subnet2Prefix')]",
              "routeTable": {
                "id": "[resourceId('Microsoft.Network/routeTables', parameters('subnet2Name'))]"
              }
            }
          }
        ]
      },
      "tags": "[ if(contains(parameters('tagsByResource'), 'Microsoft.Network/virtualNetworks'), parameters('tagsByResource')['Microsoft.Network/virtualNetworks'], json('{}')) ]"
    },
    {
      "type": "Microsoft.Network/networkSecurityGroups",
      "condition": "[parameters('deployNsg')]",
      "apiVersion": "2020-06-01",
      "location": "[parameters('location')]",
      "name": "[parameters('NewNsgName')]",
      "properties": {
        "securityRules": [
          {
            "name": "AllowAllInBound",
            "properties": {
              "description": "Allow all inbound connections",
              "protocol": "*",
              "sourcePortRange": "*",
              "destinationPortRange": "*",
              "sourceAddressPrefix": "*",
              "destinationAddressPrefix": "*",
              "access": "Allow",
              "priority": "100",
              "direction": "Inbound"
            }
          }
        ]
      },
      "tags": "[ if(contains(parameters('tagsByResource'), 'Microsoft.Network/networkSecurityGroups'), parameters('tagsByResource')['Microsoft.Network/networkSecurityGroups'], json('{}')) ]"
    }
  ],
  "outputs": {
    "vnetId": {
      "value": "[resourceId('Microsoft.Network/virtualNetworks', parameters('virtualNetworkName'))]",
      "type": "string"
    },
    "vnetAddressPrefix": {
      "value": "[parameters('virtualNetworkAddressPrefix')]",
      "type": "string"
    }
  }
}
