{
  "$schema": "https://schema.management.azure.com/schemas/0.1.2-preview/CreateUIDefinition.MultiVm.json#",
  "handler": "Microsoft.Compute.MultiVm",
  "version": "0.1.2-preview",
  "parameters": {
    "basics": [
      {
        "name": "CloudGuard VMSS settings text block",
        "type": "Microsoft.Common.TextBlock",
        "visible": true,
        "options": {
          "text": "Please follow the CloudGuard Network for Azure VMSS R80.10 and Higher Administration Guide.",
          "link": {
            "label": "Administration Guide",
            "uri": "https://sc1.checkpoint.com/documents/IaaS/WebAdminGuides/EN/CP_VMSS_for_Azure/Default.htm"
          }
        }
      },
      {
        "name": "gatewayScaleSetNameUi",
        "type": "Microsoft.Common.TextBox",
        "label": "Gateway scale set name",
        "toolTip": "The name of the Check Point Security Gateway Scale Set.",
        "constraints": {
          "required": true,
          "regex": "^[a-z0-9A-Z]{1,30}$",
          "validationMessage": "Only alphanumeric characters are allowed, and the name must be 1-30 characters long."
        }
      },
      {
        "name": "auth",
        "type": "Microsoft.Compute.CredentialsCombo",
        "label": {
          "authenticationType": "Authentication type",
          "password": "Password",
          "confirmPassword": "Confirm password",
          "sshPublicKey": "SSH public key"
        },
        "toolTip": {
          "password": "The user 'admin' password",
          "sshPublicKey": "Paste an OpenSSH public key. You can generate a key pair using ssh-keygen (Linux, OS X, Cygwin) or PuttyGen (Windows)"
        },
        "constraints": {
          "required": true
        },
        "options": {
          "hideConfirmation": false,
          "hidePassword": false
        },
        "osPlatform": "Linux"
      }
    ],
    "steps": [
      {
        "name": "autoprovision",
        "label": "Check Point VMSS settings",
        "subLabel": {
          "preValidation": "Configure CloudGuard VMSS settings",
          "postValidation": "Done"
        },
        "bladeTitle": "CloudGuard VMSS settings",
        "elements": [
          {
            "name": "upgrading",
            "type": "Microsoft.Common.OptionsGroup",
            "label": "Are you upgrading your CloudGuard VMSS solution?",
            "defaultValue": "No",
            "toolTip": "Select 'Yes' if you are upgrading your CloudGuard VMSS solution.",
            "constraints": {
              "allowedValues": [
                {
                  "label": "No",
                  "value": "no"
                },
                {
                  "label": "Yes",
                  "value": "yes"
                }
              ]
            }
          },
          {
            "name": "upgradeVmssInfoBox",
            "type": "Microsoft.Common.InfoBox",
            "visible": "[equals(steps('autoprovision').upgrading, 'yes')]",
            "options": {
              "icon": "Warning",
              "text": "All the configurations below must be similar to the existing CloudGuard VMSS solution.\n\nNote that the target load balancers are the ones connected to your existing CloudGuard VMSS solution.\n\nSee the Deployment Guide for more information."
            }
          },
          {
            "name": "vmCount",
            "type": "Microsoft.Common.TextBox",
            "label": "Initial number of gateways",
            "defaultValue": "2",
            "toolTip": "The initial number of gateways",
            "constraints": {
              "required": true,
              "regex": "^[1-9][0-9]{0,1}$",
              "validationMessage": "Please enter a number in the range 1-99."
            }
          },
          {
            "name": "maxVmCount",
            "type": "Microsoft.Common.TextBox",
            "label": "Maximum number of gateways",
            "defaultValue": "10",
            "toolTip": "The maximum number of gateways",
            "constraints": {
              "required": true,
              "regex": "^[1-9][0-9]{0,1}$",
              "validationMessage": "Please enter a number in the range 1-99."
            }
          },
          {
            "name": "numGwsValidation",
            "type": "Microsoft.Common.InfoBox",
            "visible": "[greater(steps('autoprovision').vmCount, steps('autoprovision').maxVmCount)]",
            "options": {
              "icon": "Error",
              "text": "Maximum number of gateways is lower than initial number of gateways"
            }
          },
          {
            "name": "managementServer",
            "type": "Microsoft.Common.TextBox",
            "label": "Management name",
            "toolTip": "The name of the management server as it appears in the configuration file",
            "constraints": {
              "required": true,
              "regex": "^[a-z0-9A-Z_\\-]{1,30}$",
              "validationMessage": "Field cannot be empty. Only alphanumeric characters or '_'/'-' are allowed, and the name must be 1-30 characters long."
            }
          },
          {
            "name": "configurationTemplateInfoBox",
            "type": "Microsoft.Common.InfoBox",
            "visible": "[equals(steps('autoprovision').upgrading, 'yes')]",
            "options": {
              "icon": "Info",
              "text": "Use a different configuration template name than in your existing CloudGuard VMSS solution."
            }
          },
          {
            "name": "configurationTemplate",
            "type": "Microsoft.Common.TextBox",
            "label": "Configuration template name",
            "toolTip": "The configuration template name as it appears in the configuration file",
            "constraints": {
              "required": true,
              "regex": "^[a-z0-9A-Z_\\-]{1,30}$",
              "validationMessage": "Field cannot be empty. Only alphanumeric characters or '_'/'-' are allowed, and the name must be 1-30 characters long."
            }
          },
          {
            "name": "adminEmail",
            "type": "Microsoft.Common.TextBox",
            "label": "Administrator email address",
            "defaultValue": "",
            "toolTip": "An email address to notify about scaling operations",
            "constraints": {
              "required": false,
              "regex": "^([a-zA-Z0-9_\\-\\.]+)@((\\[[0-9]{1,3}\\.[0-9]{1,3}\\.[0-9]{1,3}\\.)|(([a-zA-Z0-9\\-]+\\.)+))([a-zA-Z]{2,4}|[0-9]{1,3})(\\]?)$",
              "validationMessage": "Leave empty or enter a valid email address."
            }
          },
          {
            "name": "deploymentMode",
            "type": "Microsoft.Common.DropDown",
            "label": "Load balancers deployment",
            "defaultValue": "Standard (External & Internal)",
            "toolTip": "Defines which load balancers will be deployed. Note: For outbound inspection it is mandatory to deploy an external load balancer and/or instance level public IP addresses.",
            "constraints": {
              "allowedValues": [
                {
                  "label": "Standard (External & Internal)",
                  "value": "Standard"
                },
                {
                  "label": "External only (Inbound inspection only)",
                  "value": "ELBOnly"
                },
                {
                  "label": "Internal only (Outbound & E-W inspection only - see tooltip)",
                  "value": "ILBOnly"
                }
              ]
            }
          },
          {
            "name": "appLoadDistribution",
            "type": "Microsoft.Common.DropDown",
            "label": "External Load Balancer session persistence",
            "defaultValue": "None (5-tuple)",
            "toolTip": "The load balancing distribution method for the External Load Balancer.",
            "visible": "[not(equals(steps('autoprovision').deploymentMode, 'ILBOnly'))]",
            "constraints": {
              "allowedValues": [
                {
                  "label": "None (5-tuple)",
                  "value": "Default"
                },
                {
                  "label": "Client IP (2-tuple)",
                  "value": "SourceIP"
                },
                {
                  "label": "Client IP and protocol (3-tuple)",
                  "value": "SourceIPProtocol"
                }
              ]
            }
          },
          {
            "name": "ilbLoadDistribution",
            "type": "Microsoft.Common.DropDown",
            "label": "Internal Load Balancer session persistence",
            "defaultValue": "None (5-tuple)",
            "toolTip": "The load balancing distribution method for the Internal Load Balancer.",
            "visible": "[not(equals(steps('autoprovision').deploymentMode, 'ELBOnly'))]",
            "constraints": {
              "allowedValues": [
                {
                  "label": "None (5-tuple)",
                  "value": "Default"
                },
                {
                  "label": "Client IP (2-tuple)",
                  "value": "SourceIP"
                },
                {
                  "label": "Client IP and protocol (3-tuple)",
                  "value": "SourceIPProtocol"
                }
              ]
            }
          },
          {
            "name": "floatingIP",
            "type": "Microsoft.Common.OptionsGroup",
            "label": "Deploy the Load Balancers with floating IP",
            "defaultValue": "No",
            "toolTip": "Deploy the Load Balancers with floating IP.",
            "constraints": {
              "allowedValues": [
                {
                  "label": "No",
                  "value": "no"
                },
                {
                  "label": "Yes",
                  "value": "yes"
                }
              ]
            },
            "visible": true
          },
          {
            "name": "instanceLevelPublicIP",
            "type": "Microsoft.Common.OptionsGroup",
            "label": "Deploy the VMSS with instance level Public IP address",
            "defaultValue": "No",
            "toolTip": "If selected 'Yes', then each VMSS instance will have its own public IP address.",
            "constraints": {
              "allowedValues": [
                {
                  "label": "No",
                  "value": "no"
                },
                {
                  "label": "Yes",
                  "value": "yes"
                }
              ]
            }
          },
          {
            "name": "publicIPPrefix",
            "type": "Microsoft.Common.OptionsGroup",
            "label": "Public IP prefix",
            "defaultValue": "No",
            "toolTip": "Define if deploy existsing Public IP Prefix or a new Public IP Prefix.",
            "constraints": {
              "allowedValues": [
                {
                  "label": "No",
                  "value": "no"
                },
                {
                  "label": "Yes",
                  "value": "yes"
                }
              ]
            },
            "visible": "[equals(steps('autoprovision').instanceLevelPublicIP, 'yes')]"
          },
          {
            "name": "createNewIPPrefix",
            "type": "Microsoft.Common.OptionsGroup",
            "label": "Create new IP prefiex",
            "toolTip": "Create new or existsing Public IP Prefix",
            "defaultValue": "No",
            "constraints": {
              "allowedValues": [
                {
                  "label": "No",
                  "value": "no"
                },
                {
                  "label": "Yes",
                  "value": "yes"
                }
              ]
            },
            "visible": "[equals(steps('autoprovision').publicIPPrefix, 'yes')]"
          },
          {
            "name": "IPv4Length",
            "type": "Microsoft.Common.DropDown",
            "label": "IPv4 IP prefix length",
            "defaultValue": "/31 (2 addresses)",
            "toolTip": "Choose the length of the IP prefix for IP v4.",
            "multiselect": false,
            "selectAll": false,
            "filter": false,
            "multiLine": false,
            "constraints": {
              "allowedValues": [
                {
                  "label": "/28 (16 addresses)",
                  "value": "/28 (16 addresses)"
                },
                {
                  "label": "/29 (8 addresses)",
                  "value": "/29 (8 addresses)"
                },
                {
                  "label": "/30 (4 addresses)",
                  "value": "/30 (4 addresses)"
                },
                {
                  "label": "/31 (2 addresses)",
                  "value": "/31 (2 addresses)"
                }
              ],
              "required": true
            },
            "visible": "[equals(steps('autoprovision').createNewIPPrefix, 'yes')]"
          },
          {
            "name": "ipPrefixLengthWarning",
            "type": "Microsoft.Common.InfoBox",
            "visible": "[equals(steps('autoprovision').createNewIPPrefix, 'yes')]",
            "options": {
              "icon": "Warning",
              "text": "[concat('NOTE: The VMSS will not be allowed to contain more than ', if(equals(steps('autoprovision').IPv4Length, '/31 (2 addresses)'), '2', if(equals(steps('autoprovision').IPv4Length, '/30 (4 addresses)'), '4', if(equals(steps('autoprovision').IPv4Length, '/29 (8 addresses)'), '8', if(equals(steps('autoprovision').IPv4Length, '/28 (16 addresses)'), '16', '0')))), ' instances')]"
            }
          },
          {
            "name": "ipPrefixExistingResourceId",
            "type": "Microsoft.Common.TextBox",
            "label": "Enter an existing IP prefix resource id",
            "toolTip": "The resource id of an existing public IP prefix.",
            "multiLine": false,
            "constraints": {
              "regex": "^[a-z0-9A-Z -.:/n]{1,}$",
              "validationMessage": "Only alphanumeric characters, hyphens, spaces, periods, and colons are allowed.",
              "required": true
            },
            "visible": "[equals(steps('autoprovision').createNewIPPrefix, 'no')]"
          },
          {
            "name": "externalCommunicationInfoBox",
            "type": "Microsoft.Common.InfoBox",
            "visible": "[and(equals(steps('autoprovision').instanceLevelPublicIP, 'no'), equals(steps('autoprovision').deploymentMode, 'ILBOnly'))]",
            "options": {
              "icon": "Warning",
              "text": "For outbound inspection it is mandatory to deploy an external load balancer and/or instance level public IP addresses."
            }
          },
          {
            "name": "lbsTargetRGName",
            "type": "Microsoft.Common.TextBox",
            "visible": "[equals(steps('autoprovision').upgrading, 'yes')]",
            "label": "Target load balancers resource group name",
            "defaultValue": "",
            "toolTip": "The name of the Target Load Balancers Resource Group.",
            "constraints": {
              "required": true,
              "regex": "^[a-z0-9A-Z_\\-\\.\\/\\(\\)]",
              "validationMessage": "Resource Group only allow alphanumeric characters, periods, underscores, hyphens, slash, and parenthesis"
            }
          },
          {
            "name": "elbResourceId",
            "type": "Microsoft.Common.TextBox",
            "visible": "[and(equals(steps('autoprovision').upgrading, 'yes'), not(equals(steps('autoprovision').deploymentMode, 'ILBOnly')))]",
            "label": "Target external load balancer resource ID",
            "defaultValue": "",
            "toolTip": "The Resource ID of the Target External Load Balancer.",
            "constraints": {
              "required": true,
              "regex": "^[a-z0-9A-Z_\\-\\.\\/\\(\\)]",
              "validationMessage": "Resource Id only allow alphanumeric characters, periods, underscores, hyphens, slash, and parenthesis"
            }
          },
          {
            "name": "elbInfoBox",
            "type": "Microsoft.Common.InfoBox",
            "visible": "[and(equals(steps('autoprovision').upgrading, 'yes'), not(equals(steps('autoprovision').deploymentMode, 'ILBOnly')))]",
            "options": {
              "icon": "Info",
              "text": "Make sure you have created a new backend address pool for the target external load balancer."
            }
          },
          {
            "name": "elbBEAddressPoolName",
            "type": "Microsoft.Common.TextBox",
            "visible": "[and(equals(steps('autoprovision').upgrading, 'yes'), not(equals(steps('autoprovision').deploymentMode, 'ILBOnly')))]",
            "label": "External load balancer's new backend pool name",
            "toolTip": "The name of the new Target External Load Balancer's Backend Pool.",
            "constraints": {
              "required": true,
              "regex": "^[a-z0-9A-Z_\\-\\.\\/\\(\\)]",
              "validationMessage": "Only alphanumeric characters, periods, underscores, hyphens, slash, and parenthesis are allowed"
            }
          },
          {
            "name": "ilbResourceId",
            "type": "Microsoft.Common.TextBox",
            "visible": "[and(equals(steps('autoprovision').upgrading, 'yes'), not(equals(steps('autoprovision').deploymentMode, 'ELBOnly')))]",
            "label": "Target internal load balancer resource ID",
            "defaultValue": "",
            "toolTip": "The Resource ID of the Target Internal Load Balancer.",
            "constraints": {
              "required": true,
              "regex": "^[a-z0-9A-Z_\\-\\.\\/\\(\\)]",
              "validationMessage": "Resource Id only allow alphanumeric characters, periods, underscores, hyphens, slash, and parenthesis"
            }
          },
          {
            "name": "ilbInfoBox",
            "type": "Microsoft.Common.InfoBox",
            "visible": "[and(equals(steps('autoprovision').upgrading, 'yes'), not(equals(steps('autoprovision').deploymentMode, 'ELBOnly')))]",
            "options": {
              "icon": "Info",
              "text": "Make sure you have created a new backend address pool for the target internal load balancer."
            }
          },
          {
            "name": "ilbBEAddressPoolName",
            "type": "Microsoft.Common.TextBox",
            "visible": "[and(equals(steps('autoprovision').upgrading, 'yes'), not(equals(steps('autoprovision').deploymentMode, 'ELBOnly')))]",
            "label": "Internal load balancer's new backend pool name",
            "toolTip": "The name of the new target internal load balancer's backend pool.",
            "constraints": {
              "required": true,
              "regex": "^[a-z0-9A-Z_\\-\\.\\/\\(\\)]",
              "validationMessage": "Only alphanumeric characters, periods, underscores, hyphens, slash, and parenthesis are allowed"
            }
          },
          {
            "name": "mgmtInterfaceOpt1",
            "type": "Microsoft.Common.DropDown",
            "label": "Management interface and IP address",
            "defaultValue": "Backend NIC's private IP address",
            "visible": "[equals(steps('autoprovision').instanceLevelPublicIP, 'yes')]",
            "toolTip": "Manage the Gateways in the Scale Set via the instance's external (eth0) or internal (eth1) NIC and with public or private IP.",
            "constraints": {
              "allowedValues": [
                {
                  "label": "Backend NIC's private IP address",
                  "value": "eth1-private"
                },
                {
                  "label": "Frontend NIC's public IP address",
                  "value": "eth0-public"
                },
                {
                  "label": "Frontend NIC's private IP address",
                  "value": "eth0-private"
                }
              ]
            }
          },
          {
            "name": "mgmtInterfaceOpt2",
            "type": "Microsoft.Common.DropDown",
            "label": "Management interface and IP address",
            "defaultValue": "Backend NIC's private IP address",
            "visible": "[equals(steps('autoprovision').instanceLevelPublicIP, 'no')]",
            "toolTip": "Manage the Gateways in the Scale Set via the instance's external (eth0) or internal (eth1) NIC's private IP address.",
            "constraints": {
              "allowedValues": [
                {
                  "label": "Backend NIC's private IP address",
                  "value": "eth1-private"
                },
                {
                  "label": "Frontend NIC's private IP address",
                  "value": "eth0-private"
                }
              ]
            }
          },
          {
            "name": "mgmtIPaddress",
            "type": "Microsoft.Common.TextBox",
            "label": "Management Server IP address",
            "toolTip": "The IP address used to manage the VMSS instances.",
            "visible": "[or(equals(steps('autoprovision').mgmtInterfaceOpt1, 'eth0-private'), equals(steps('autoprovision').mgmtInterfaceOpt2, 'eth0-private'))]",
            "constraints": {
              "regex": "^(([0-9]|[1-9][0-9]|1[0-9]{2}|2[0-4][0-9]|25[0-5])\\.){3}([0-9]|[1-9][0-9]|1[0-9]{2}|2[0-4][0-9]|25[0-5])$",
              "required": true,
              "validationMessage": "Please enter a valid IP address"
            }
          },
          {
            "name": "availabilityZonesNum",
            "type": "Microsoft.Common.DropDown",
            "label": "Number of Availability Zones to use",
            "defaultValue": "None",
            "toolTip": "The number of avalability zones to use for the scale set. Note that the load balancers and their IP addresses will be zone redundant in any case.",
            "visible": "[contains(' australiaeast brazilsouth canadacentral centralus eastasia eastus eastus2 francecentral germanywestcentral japaneast koreacentral northeurope norwayeast southafricanorth southcentralus southeastasia swedencentral uksouth usgovvirginia westeurope westus2 westus3 switzerlandnorth qatarcentral centralindia uaenorth ', concat(' ', location(), ' '))]",
            "constraints": {
              "allowedValues": [
                {
                  "label": "None",
                  "value": 0
                },
                {
                  "label": "One zone",
                  "value": 1
                },
                {
                  "label": "Two zones",
                  "value": 2
                },
                {
                  "label": "Three zones",
                  "value": 3
                }
              ]
            }
          },
          {
            "name": "remoteAccessVpn",
            "type": "Microsoft.Common.OptionsGroup",
            "label": "Use Remote Access VPN",
            "defaultValue": "No",
            "toolTip": "Use Remote Access VPN functionality.",
            "constraints": {
              "allowedValues": [
                {
                  "label": "No",
                  "value": "no"
                },
                {
                  "label": "Yes",
                  "value": "yes"
                }
              ],
              "required": true
            }
          },
          {
            "name": "dnsZoneResourceId",
            "type": "Microsoft.Common.TextBox",
            "label": "DNS Zone Resource ID",
            "toolTip": "The Azure Dns Zone ID to be used for defining a Record Set with VMSS Instances' public IPs",
            "constraints": {
              "required": true,
              "regex": "^/subscriptions/.*/providers/Microsoft.Network/dnszones/",
              "validationMessage": "DNS Zone resource ID must strat with \"/subscriptions/\" and contain \"/providers/Microsoft.Network/dnszones\".The DNS Zone resource ID can be found in the DNS Zone Properties tab"
            },
            "visible": "[and(equals(steps('autoprovision').remoteAccessVpn, 'yes'), not(equals(steps('autoprovision').instanceLevelPublicIP, 'no')))]"
          },
          {
            "name": "remoteAccessExistingRecordSetInfoBox",
            "type": "Microsoft.Common.InfoBox",
            "visible": "[and(equals(steps('autoprovision').remoteAccessVpn, 'yes'), not(equals(steps('autoprovision').instanceLevelPublicIP, 'no')))]",
            "options": {
              "icon": "Warning",
              "text": "In case an existing Record Set is used, all its records will be replaced with VMSS Instances' public IPs."
            }
          },
          {
            "name": "dnsZoneRecordSetName",
            "type": "Microsoft.Common.TextBox",
            "label": "New or existing DNS Zone Record Set Name (Label)",
            "toolTip": "The DNS Zone Record Set contains VMSS Instances' public IPs. A new or an existing Record Set can be used. In case an existing Record Set is used, all its records will be replaced with VMSS Instances' public IPs.",
            "defaultValue": "remote-access-instances",
            "constraints": {
              "required": true,
              "regex": "^[a-z0-9A-Z_\\-]{1,63}$",
              "validationMessage": "Each Record Set must only contain letters, numbers, underscores, and/or dashes, the value must be 1-63 characters long. Each label should be separated from other labels by a period. A wildcard ('*' character) is permitted either as the single character in the name, or as the first label in the name. An empty value, or a single '@' character is permitted for record sets at the zone apex ."
            },
            "visible": "[and(equals(steps('autoprovision').remoteAccessVpn, 'yes'), not(equals(steps('autoprovision').instanceLevelPublicIP, 'no')))]"
          },
          {
            "name": "remoteAccessCommunicationInfoBox",
            "type": "Microsoft.Common.InfoBox",
            "visible": "[and(equals(steps('autoprovision').remoteAccessVpn, 'yes'), equals(steps('autoprovision').instanceLevelPublicIP, 'no'))]",
            "options": {
              "icon": "Error",
              "text": "For Remote Access VPN configuration it is mandatory to deploy instance level public IP addresses."
            }
          },
          {
            "name": "customMetrics",
            "type": "Microsoft.Common.OptionsGroup",
            "label": "Enable CloudGuard metrics",
            "defaultValue": "Yes",
            "toolTip": "Enable CloudGuard metrics in order to send statuses and statistics collected from VMSS instances to the Azure Monitor service.",
            "constraints": {
              "allowedValues": [
                {
                  "label": "No",
                  "value": "no"
                },
                {
                  "label": "Yes",
                  "value": "yes"
                }
              ]
            },
            "visible": true
          },
          {
            "name": "remoteAccessCustomMetricsInfoBox",
            "type": "Microsoft.Common.InfoBox",
            "visible": "[and(equals(steps('autoprovision').remoteAccessVpn, 'yes'), not(equals(steps('autoprovision').customMetrics, 'yes')))]",
            "options": {
              "icon": "Warning",
              "text": "When Remote Access VPN is enabled it is recommended to use Scaling policy that is based on the \"IPsec number of VPN-1 RA peers\" CloudGuard metric. See the VMSS admin guide for more information."
            }
          }
        ]
      },
      {
        "name": "chkp",
        "label": "Check Point CloudGuard settings",
        "subLabel": {
          "preValidation": "Configure CloudGuard settings",
          "postValidation": "Done"
        },
        "bladeTitle": "CloudGuard settings",
        "elements": [
          {
            "name": "cloudGuardVersion",
            "type": "Microsoft.Common.DropDown",
            "label": "Check Point CloudGuard version",
            "defaultValue": "R81.10",
            "toolTip": "The version of Check Point CloudGuard.",
            "constraints": {
              "allowedValues": [
                {
                  "label": "R80.40",
                  "value": "R80.40"
                },
                {
                  "label": "R81",
                  "value": "R81"
                },
                {
                  "label": "R81.10",
                  "value": "R81.10"
                },
                {
                  "label": "R81.20",
                  "value": "R81.20"
                }
              ]
            }
          },
          {
            "name": "R80Offer",
            "type": "Microsoft.Common.DropDown",
            "label": "License type",
            "toolTip": "The type of license.",
            "defaultValue": "Bring Your Own License",
            "visible": true,
            "constraints": {
              "allowedValues": [
                {
                  "label": "Bring Your Own License",
                  "value": "Bring Your Own License"
                },
                {
                  "label": "Pay As You Go (NGTP)",
                  "value": "Pay As You Go (NGTP)"
                },
                {
                  "label": "Pay As You Go (NGTX)",
                  "value": "Pay As You Go (NGTX)"
                }
              ]
            }
          },
          {
            "name": "R8040vmSizeUiBYOL",
            "type": "Microsoft.Compute.SizeSelector",
            "visible": "[and(equals(steps('chkp').cloudGuardVersion, 'R80.40'), contains(steps('chkp').R80Offer, 'Bring Your Own License'))]",
            "label": "Virtual machine size",
            "toolTip": "The VM size of the Security Gateway",
            "recommendedSizes": [
              "Standard_D3_v2",
              "Standard_DS3_v2"
            ],
            "constraints": {
              "allowedSizes": [
                "Standard_DS2_v2",
                "Standard_DS3_v2",
                "Standard_DS4_v2",
                "Standard_DS5_v2",
                "Standard_F2s",
                "Standard_F4s",
                "Standard_F8s",
                "Standard_F16s",
                "Standard_D4s_v3",
                "Standard_D8s_v3",
                "Standard_D16s_v3",
                "Standard_D32s_v3",
                "Standard_D64s_v3",
                "Standard_E4s_v3",
                "Standard_E8s_v3",
                "Standard_E16s_v3",
                "Standard_E20s_v3",
                "Standard_E32s_v3",
                "Standard_E64s_v3",
                "Standard_E64is_v3",
                "Standard_F4s_v2",
                "Standard_F8s_v2",
                "Standard_F16s_v2",
                "Standard_F32s_v2",
                "Standard_F64s_v2",
                "Standard_M8ms",
                "Standard_M16ms",
                "Standard_M32ms",
                "Standard_M64ms",
                "Standard_M64s",
                "Standard_D2_v2",
                "Standard_D3_v2",
                "Standard_D4_v2",
                "Standard_D5_v2",
                "Standard_D11_v2",
                "Standard_D12_v2",
                "Standard_D13_v2",
                "Standard_D14_v2",
                "Standard_D15_v2",
                "Standard_F2",
                "Standard_F4",
                "Standard_F8",
                "Standard_F16",
                "Standard_D4_v3",
                "Standard_D8_v3",
                "Standard_D16_v3",
                "Standard_D32_v3",
                "Standard_D64_v3",
                "Standard_E4_v3",
                "Standard_E8_v3",
                "Standard_E16_v3",
                "Standard_E20_v3",
                "Standard_E32_v3",
                "Standard_E64_v3",
                "Standard_E64i_v3",
                "Standard_DS11_v2",
                "Standard_DS12_v2",
                "Standard_DS13_v2",
                "Standard_DS14_v2",
                "Standard_DS15_v2"
              ]
            },
            "osPlatform": "Linux",
            "imageReference": {
              "publisher": "checkpoint",
              "offer": "check-point-cg-r8040",
              "sku": "sg-byol"
            },
            "count": "[steps('autoprovision').vmCount]"
          },
          {
            "name": "R8040vmSizeUiNGTP",
            "type": "Microsoft.Compute.SizeSelector",
            "visible": "[and(equals(steps('chkp').cloudGuardVersion, 'R80.40'), contains(steps('chkp').R80Offer, '(NGTP)'))]",
            "label": "Virtual machine size",
            "toolTip": "The VM size of the Security Gateway",
            "recommendedSizes": [
              "Standard_D3_v2",
              "Standard_DS3_v2"
            ],
            "constraints": {
              "allowedSizes": [
                "Standard_DS2_v2",
                "Standard_DS3_v2",
                "Standard_DS4_v2",
                "Standard_DS5_v2",
                "Standard_F2s",
                "Standard_F4s",
                "Standard_F8s",
                "Standard_F16s",
                "Standard_D4s_v3",
                "Standard_D8s_v3",
                "Standard_D16s_v3",
                "Standard_D32s_v3",
                "Standard_D64s_v3",
                "Standard_E4s_v3",
                "Standard_E8s_v3",
                "Standard_E16s_v3",
                "Standard_E20s_v3",
                "Standard_E32s_v3",
                "Standard_E64s_v3",
                "Standard_E64is_v3",
                "Standard_F4s_v2",
                "Standard_F8s_v2",
                "Standard_F16s_v2",
                "Standard_F32s_v2",
                "Standard_F64s_v2",
                "Standard_M8ms",
                "Standard_M16ms",
                "Standard_M32ms",
                "Standard_M64ms",
                "Standard_M64s",
                "Standard_D2_v2",
                "Standard_D3_v2",
                "Standard_D4_v2",
                "Standard_D5_v2",
                "Standard_D11_v2",
                "Standard_D12_v2",
                "Standard_D13_v2",
                "Standard_D14_v2",
                "Standard_D15_v2",
                "Standard_F2",
                "Standard_F4",
                "Standard_F8",
                "Standard_F16",
                "Standard_D4_v3",
                "Standard_D8_v3",
                "Standard_D16_v3",
                "Standard_D32_v3",
                "Standard_D64_v3",
                "Standard_E4_v3",
                "Standard_E8_v3",
                "Standard_E16_v3",
                "Standard_E20_v3",
                "Standard_E32_v3",
                "Standard_E64_v3",
                "Standard_E64i_v3",
                "Standard_DS11_v2",
                "Standard_DS12_v2",
                "Standard_DS13_v2",
                "Standard_DS14_v2",
                "Standard_DS15_v2"
              ]
            },
            "osPlatform": "Linux",
            "imageReference": {
              "publisher": "checkpoint",
              "offer": "check-point-cg-r8040",
              "sku": "sg-ngtp"
            },
            "count": "[steps('autoprovision').vmCount]"
          },
          {
            "name": "R8040vmSizeUiNGTX",
            "type": "Microsoft.Compute.SizeSelector",
            "visible": "[and(equals(steps('chkp').cloudGuardVersion, 'R80.40'), contains(steps('chkp').R80Offer, '(NGTX)'))]",
            "label": "Virtual machine size",
            "toolTip": "The VM size of the Security Gateway",
            "recommendedSizes": [
              "Standard_D3_v2",
              "Standard_DS3_v2"
            ],
            "constraints": {
              "allowedSizes": [
                "Standard_DS2_v2",
                "Standard_DS3_v2",
                "Standard_DS4_v2",
                "Standard_DS5_v2",
                "Standard_F2s",
                "Standard_F4s",
                "Standard_F8s",
                "Standard_F16s",
                "Standard_D4s_v3",
                "Standard_D8s_v3",
                "Standard_D16s_v3",
                "Standard_D32s_v3",
                "Standard_D64s_v3",
                "Standard_E4s_v3",
                "Standard_E8s_v3",
                "Standard_E16s_v3",
                "Standard_E20s_v3",
                "Standard_E32s_v3",
                "Standard_E64s_v3",
                "Standard_E64is_v3",
                "Standard_F4s_v2",
                "Standard_F8s_v2",
                "Standard_F16s_v2",
                "Standard_F32s_v2",
                "Standard_F64s_v2",
                "Standard_M8ms",
                "Standard_M16ms",
                "Standard_M32ms",
                "Standard_M64ms",
                "Standard_M64s",
                "Standard_D2_v2",
                "Standard_D3_v2",
                "Standard_D4_v2",
                "Standard_D5_v2",
                "Standard_D11_v2",
                "Standard_D12_v2",
                "Standard_D13_v2",
                "Standard_D14_v2",
                "Standard_D15_v2",
                "Standard_F2",
                "Standard_F4",
                "Standard_F8",
                "Standard_F16",
                "Standard_D4_v3",
                "Standard_D8_v3",
                "Standard_D16_v3",
                "Standard_D32_v3",
                "Standard_D64_v3",
                "Standard_E4_v3",
                "Standard_E8_v3",
                "Standard_E16_v3",
                "Standard_E20_v3",
                "Standard_E32_v3",
                "Standard_E64_v3",
                "Standard_E64i_v3",
                "Standard_DS11_v2",
                "Standard_DS12_v2",
                "Standard_DS13_v2",
                "Standard_DS14_v2",
                "Standard_DS15_v2"
              ]
            },
            "osPlatform": "Linux",
            "imageReference": {
              "publisher": "checkpoint",
              "offer": "check-point-cg-r8040",
              "sku": "sg-ngtx"
            },
            "count": "[steps('autoprovision').vmCount]"
          },
          {
            "name": "R81vmSizeUiBYOL",
            "type": "Microsoft.Compute.SizeSelector",
            "visible": "[and(equals(steps('chkp').cloudGuardVersion, 'R81'), contains(steps('chkp').R80Offer, 'Bring Your Own License'))]",
            "label": "Virtual machine size",
            "toolTip": "The VM size of the Security Gateway",
            "recommendedSizes": [
              "Standard_D3_v2",
              "Standard_DS3_v2"
            ],
            "constraints": {
              "allowedSizes": [
                "Standard_DS2_v2",
                "Standard_DS3_v2",
                "Standard_DS4_v2",
                "Standard_DS5_v2",
                "Standard_F2s",
                "Standard_F4s",
                "Standard_F8s",
                "Standard_F16s",
                "Standard_D4s_v3",
                "Standard_D8s_v3",
                "Standard_D16s_v3",
                "Standard_D32s_v3",
                "Standard_D64s_v3",
                "Standard_E4s_v3",
                "Standard_E8s_v3",
                "Standard_E16s_v3",
                "Standard_E20s_v3",
                "Standard_E32s_v3",
                "Standard_E64s_v3",
                "Standard_E64is_v3",
                "Standard_F4s_v2",
                "Standard_F8s_v2",
                "Standard_F16s_v2",
                "Standard_F32s_v2",
                "Standard_F64s_v2",
                "Standard_M8ms",
                "Standard_M16ms",
                "Standard_M32ms",
                "Standard_M64ms",
                "Standard_M64s",
                "Standard_D2_v2",
                "Standard_D3_v2",
                "Standard_D4_v2",
                "Standard_D5_v2",
                "Standard_D11_v2",
                "Standard_D12_v2",
                "Standard_D13_v2",
                "Standard_D14_v2",
                "Standard_D15_v2",
                "Standard_F2",
                "Standard_F4",
                "Standard_F8",
                "Standard_F16",
                "Standard_D4_v3",
                "Standard_D8_v3",
                "Standard_D16_v3",
                "Standard_D32_v3",
                "Standard_D64_v3",
                "Standard_E4_v3",
                "Standard_E8_v3",
                "Standard_E16_v3",
                "Standard_E20_v3",
                "Standard_E32_v3",
                "Standard_E64_v3",
                "Standard_E64i_v3",
                "Standard_DS11_v2",
                "Standard_DS12_v2",
                "Standard_DS13_v2",
                "Standard_DS14_v2",
                "Standard_DS15_v2"
              ]
            },
            "osPlatform": "Linux",
            "imageReference": {
              "publisher": "checkpoint",
              "offer": "check-point-cg-r81",
              "sku": "sg-byol"
            },
            "count": "[steps('autoprovision').vmCount]"
          },
          {
            "name": "R81vmSizeUiNGTP",
            "type": "Microsoft.Compute.SizeSelector",
            "visible": "[and(equals(steps('chkp').cloudGuardVersion, 'R81'), contains(steps('chkp').R80Offer, '(NGTP)'))]",
            "label": "Virtual machine size",
            "toolTip": "The VM size of the Security Gateway",
            "recommendedSizes": [
              "Standard_D3_v2",
              "Standard_DS3_v2"
            ],
            "constraints": {
              "allowedSizes": [
                "Standard_DS2_v2",
                "Standard_DS3_v2",
                "Standard_DS4_v2",
                "Standard_DS5_v2",
                "Standard_F2s",
                "Standard_F4s",
                "Standard_F8s",
                "Standard_F16s",
                "Standard_D4s_v3",
                "Standard_D8s_v3",
                "Standard_D16s_v3",
                "Standard_D32s_v3",
                "Standard_D64s_v3",
                "Standard_E4s_v3",
                "Standard_E8s_v3",
                "Standard_E16s_v3",
                "Standard_E20s_v3",
                "Standard_E32s_v3",
                "Standard_E64s_v3",
                "Standard_E64is_v3",
                "Standard_F4s_v2",
                "Standard_F8s_v2",
                "Standard_F16s_v2",
                "Standard_F32s_v2",
                "Standard_F64s_v2",
                "Standard_M8ms",
                "Standard_M16ms",
                "Standard_M32ms",
                "Standard_M64ms",
                "Standard_M64s",
                "Standard_D2_v2",
                "Standard_D3_v2",
                "Standard_D4_v2",
                "Standard_D5_v2",
                "Standard_D11_v2",
                "Standard_D12_v2",
                "Standard_D13_v2",
                "Standard_D14_v2",
                "Standard_D15_v2",
                "Standard_F2",
                "Standard_F4",
                "Standard_F8",
                "Standard_F16",
                "Standard_D4_v3",
                "Standard_D8_v3",
                "Standard_D16_v3",
                "Standard_D32_v3",
                "Standard_D64_v3",
                "Standard_E4_v3",
                "Standard_E8_v3",
                "Standard_E16_v3",
                "Standard_E20_v3",
                "Standard_E32_v3",
                "Standard_E64_v3",
                "Standard_E64i_v3",
                "Standard_DS11_v2",
                "Standard_DS12_v2",
                "Standard_DS13_v2",
                "Standard_DS14_v2",
                "Standard_DS15_v2"
              ]
            },
            "osPlatform": "Linux",
            "imageReference": {
              "publisher": "checkpoint",
              "offer": "check-point-cg-r81",
              "sku": "sg-ngtp"
            },
            "count": "[steps('autoprovision').vmCount]"
          },
          {
            "name": "R81vmSizeUiNGTX",
            "type": "Microsoft.Compute.SizeSelector",
            "visible": "[and(equals(steps('chkp').cloudGuardVersion, 'R81'), contains(steps('chkp').R80Offer, '(NGTX)'))]",
            "label": "Virtual machine size",
            "toolTip": "The VM size of the Security Gateway",
            "recommendedSizes": [
              "Standard_D3_v2",
              "Standard_DS3_v2"
            ],
            "constraints": {
              "allowedSizes": [
                "Standard_DS2_v2",
                "Standard_DS3_v2",
                "Standard_DS4_v2",
                "Standard_DS5_v2",
                "Standard_F2s",
                "Standard_F4s",
                "Standard_F8s",
                "Standard_F16s",
                "Standard_D4s_v3",
                "Standard_D8s_v3",
                "Standard_D16s_v3",
                "Standard_D32s_v3",
                "Standard_D64s_v3",
                "Standard_E4s_v3",
                "Standard_E8s_v3",
                "Standard_E16s_v3",
                "Standard_E20s_v3",
                "Standard_E32s_v3",
                "Standard_E64s_v3",
                "Standard_E64is_v3",
                "Standard_F4s_v2",
                "Standard_F8s_v2",
                "Standard_F16s_v2",
                "Standard_F32s_v2",
                "Standard_F64s_v2",
                "Standard_M8ms",
                "Standard_M16ms",
                "Standard_M32ms",
                "Standard_M64ms",
                "Standard_M64s",
                "Standard_D2_v2",
                "Standard_D3_v2",
                "Standard_D4_v2",
                "Standard_D5_v2",
                "Standard_D11_v2",
                "Standard_D12_v2",
                "Standard_D13_v2",
                "Standard_D14_v2",
                "Standard_D15_v2",
                "Standard_F2",
                "Standard_F4",
                "Standard_F8",
                "Standard_F16",
                "Standard_D4_v3",
                "Standard_D8_v3",
                "Standard_D16_v3",
                "Standard_D32_v3",
                "Standard_D64_v3",
                "Standard_E4_v3",
                "Standard_E8_v3",
                "Standard_E16_v3",
                "Standard_E20_v3",
                "Standard_E32_v3",
                "Standard_E64_v3",
                "Standard_E64i_v3",
                "Standard_DS11_v2",
                "Standard_DS12_v2",
                "Standard_DS13_v2",
                "Standard_DS14_v2",
                "Standard_DS15_v2"
              ]
            },
            "osPlatform": "Linux",
            "imageReference": {
              "publisher": "checkpoint",
              "offer": "check-point-cg-r81",
              "sku": "sg-ngtx"
            },
            "count": "[steps('autoprovision').vmCount]"
          },
          {
            "name": "R8110vmSizeUiBYOL",
            "type": "Microsoft.Compute.SizeSelector",
            "visible": "[and(equals(steps('chkp').cloudGuardVersion, 'R81.10'), contains(steps('chkp').R80Offer, 'Bring Your Own License'))]",
            "label": "Virtual machine size",
            "toolTip": "The VM size of the Security Gateway",
            "recommendedSizes": [
              "Standard_D3_v2",
              "Standard_DS3_v2"
            ],
            "constraints": {
              "allowedSizes": [
                "Standard_DS2_v2",
                "Standard_DS3_v2",
                "Standard_DS4_v2",
                "Standard_DS5_v2",
                "Standard_F2s",
                "Standard_F4s",
                "Standard_F8s",
                "Standard_F16s",
                "Standard_D4s_v3",
                "Standard_D8s_v3",
                "Standard_D16s_v3",
                "Standard_D32s_v3",
                "Standard_D64s_v3",
                "Standard_E4s_v3",
                "Standard_E8s_v3",
                "Standard_E16s_v3",
                "Standard_E20s_v3",
                "Standard_E32s_v3",
                "Standard_E64s_v3",
                "Standard_E64is_v3",
                "Standard_F4s_v2",
                "Standard_F8s_v2",
                "Standard_F16s_v2",
                "Standard_F32s_v2",
                "Standard_F64s_v2",
                "Standard_M8ms",
                "Standard_M16ms",
                "Standard_M32ms",
                "Standard_M64ms",
                "Standard_M64s",
                "Standard_D2_v2",
                "Standard_D3_v2",
                "Standard_D4_v2",
                "Standard_D5_v2",
                "Standard_D11_v2",
                "Standard_D12_v2",
                "Standard_D13_v2",
                "Standard_D14_v2",
                "Standard_D15_v2",
                "Standard_F2",
                "Standard_F4",
                "Standard_F8",
                "Standard_F16",
                "Standard_D4_v3",
                "Standard_D8_v3",
                "Standard_D16_v3",
                "Standard_D32_v3",
                "Standard_D64_v3",
                "Standard_E4_v3",
                "Standard_E8_v3",
                "Standard_E16_v3",
                "Standard_E20_v3",
                "Standard_E32_v3",
                "Standard_E64_v3",
                "Standard_E64i_v3",
                "Standard_DS11_v2",
                "Standard_DS12_v2",
                "Standard_DS13_v2",
                "Standard_DS14_v2",
                "Standard_DS15_v2"
              ]
            },
            "osPlatform": "Linux",
            "imageReference": {
              "publisher": "checkpoint",
              "offer": "check-point-cg-r8110",
              "sku": "sg-byol"
            },
            "count": "[steps('autoprovision').vmCount]"
          },
          {
            "name": "R8110vmSizeUiNGTP",
            "type": "Microsoft.Compute.SizeSelector",
            "visible": "[and(equals(steps('chkp').cloudGuardVersion, 'R81.10'), contains(steps('chkp').R80Offer, '(NGTP)'))]",
            "label": "Virtual machine size",
            "toolTip": "The VM size of the Security Gateway",
            "recommendedSizes": [
              "Standard_D3_v2",
              "Standard_DS3_v2"
            ],
            "constraints": {
              "allowedSizes": [
                "Standard_DS2_v2",
                "Standard_DS3_v2",
                "Standard_DS4_v2",
                "Standard_DS5_v2",
                "Standard_F2s",
                "Standard_F4s",
                "Standard_F8s",
                "Standard_F16s",
                "Standard_D4s_v3",
                "Standard_D8s_v3",
                "Standard_D16s_v3",
                "Standard_D32s_v3",
                "Standard_D64s_v3",
                "Standard_E4s_v3",
                "Standard_E8s_v3",
                "Standard_E16s_v3",
                "Standard_E20s_v3",
                "Standard_E32s_v3",
                "Standard_E64s_v3",
                "Standard_E64is_v3",
                "Standard_F4s_v2",
                "Standard_F8s_v2",
                "Standard_F16s_v2",
                "Standard_F32s_v2",
                "Standard_F64s_v2",
                "Standard_M8ms",
                "Standard_M16ms",
                "Standard_M32ms",
                "Standard_M64ms",
                "Standard_M64s",
                "Standard_D2_v2",
                "Standard_D3_v2",
                "Standard_D4_v2",
                "Standard_D5_v2",
                "Standard_D11_v2",
                "Standard_D12_v2",
                "Standard_D13_v2",
                "Standard_D14_v2",
                "Standard_D15_v2",
                "Standard_F2",
                "Standard_F4",
                "Standard_F8",
                "Standard_F16",
                "Standard_D4_v3",
                "Standard_D8_v3",
                "Standard_D16_v3",
                "Standard_D32_v3",
                "Standard_D64_v3",
                "Standard_E4_v3",
                "Standard_E8_v3",
                "Standard_E16_v3",
                "Standard_E20_v3",
                "Standard_E32_v3",
                "Standard_E64_v3",
                "Standard_E64i_v3",
                "Standard_DS11_v2",
                "Standard_DS12_v2",
                "Standard_DS13_v2",
                "Standard_DS14_v2",
                "Standard_DS15_v2"
              ]
            },
            "osPlatform": "Linux",
            "imageReference": {
              "publisher": "checkpoint",
              "offer": "check-point-cg-r8110",
              "sku": "sg-ngtp"
            },
            "count": "[steps('autoprovision').vmCount]"
          },
          {
            "name": "R8110vmSizeUiNGTX",
            "type": "Microsoft.Compute.SizeSelector",
            "visible": "[and(equals(steps('chkp').cloudGuardVersion, 'R81.10'), contains(steps('chkp').R80Offer, '(NGTX)'))]",
            "label": "Virtual machine size",
            "toolTip": "The VM size of the Security Gateway",
            "recommendedSizes": [
              "Standard_D3_v2",
              "Standard_DS3_v2"
            ],
            "constraints": {
              "allowedSizes": [
                "Standard_DS2_v2",
                "Standard_DS3_v2",
                "Standard_DS4_v2",
                "Standard_DS5_v2",
                "Standard_F2s",
                "Standard_F4s",
                "Standard_F8s",
                "Standard_F16s",
                "Standard_D4s_v3",
                "Standard_D8s_v3",
                "Standard_D16s_v3",
                "Standard_D32s_v3",
                "Standard_D64s_v3",
                "Standard_E4s_v3",
                "Standard_E8s_v3",
                "Standard_E16s_v3",
                "Standard_E20s_v3",
                "Standard_E32s_v3",
                "Standard_E64s_v3",
                "Standard_E64is_v3",
                "Standard_F4s_v2",
                "Standard_F8s_v2",
                "Standard_F16s_v2",
                "Standard_F32s_v2",
                "Standard_F64s_v2",
                "Standard_M8ms",
                "Standard_M16ms",
                "Standard_M32ms",
                "Standard_M64ms",
                "Standard_M64s",
                "Standard_D2_v2",
                "Standard_D3_v2",
                "Standard_D4_v2",
                "Standard_D5_v2",
                "Standard_D11_v2",
                "Standard_D12_v2",
                "Standard_D13_v2",
                "Standard_D14_v2",
                "Standard_D15_v2",
                "Standard_F2",
                "Standard_F4",
                "Standard_F8",
                "Standard_F16",
                "Standard_D4_v3",
                "Standard_D8_v3",
                "Standard_D16_v3",
                "Standard_D32_v3",
                "Standard_D64_v3",
                "Standard_E4_v3",
                "Standard_E8_v3",
                "Standard_E16_v3",
                "Standard_E20_v3",
                "Standard_E32_v3",
                "Standard_E64_v3",
                "Standard_E64i_v3",
                "Standard_DS11_v2",
                "Standard_DS12_v2",
                "Standard_DS13_v2",
                "Standard_DS14_v2",
                "Standard_DS15_v2"
              ]
            },
            "osPlatform": "Linux",
            "imageReference": {
              "publisher": "checkpoint",
              "offer": "check-point-cg-r8110",
              "sku": "sg-ngtx"
            },
            "count": "[steps('autoprovision').vmCount]"
          },
          {
            "name": "R8120vmSizeUiBYOL",
            "type": "Microsoft.Compute.SizeSelector",
            "visible": "[and(equals(steps('chkp').cloudGuardVersion, 'R81.20'), contains(steps('chkp').R80Offer, 'Bring Your Own License'))]",
            "label": "Virtual machine size",
            "toolTip": "The VM size of the Security Gateway",
            "recommendedSizes": [
              "Standard_DS3_v2",
              "Standard_D3_v2"
            ],
            "constraints": {
              "allowedSizes": [
                "Standard_DS2_v2",
                "Standard_DS3_v2",
                "Standard_DS4_v2",
                "Standard_DS5_v2",
                "Standard_F2s",
                "Standard_F4s",
                "Standard_F8s",
                "Standard_F16s",
                "Standard_D4s_v3",
                "Standard_D8s_v3",
                "Standard_D16s_v3",
                "Standard_D32s_v3",
                "Standard_D64s_v3",
                "Standard_E4s_v3",
                "Standard_E8s_v3",
                "Standard_E16s_v3",
                "Standard_E20s_v3",
                "Standard_E32s_v3",
                "Standard_E64s_v3",
                "Standard_E64is_v3",
                "Standard_F4s_v2",
                "Standard_F8s_v2",
                "Standard_F16s_v2",
                "Standard_F32s_v2",
                "Standard_F64s_v2",
                "Standard_M8ms",
                "Standard_M16ms",
                "Standard_M32ms",
                "Standard_M64ms",
                "Standard_M64s",
                "Standard_D2_v2",
                "Standard_D3_v2",
                "Standard_D4_v2",
                "Standard_D5_v2",
                "Standard_D11_v2",
                "Standard_D12_v2",
                "Standard_D13_v2",
                "Standard_D14_v2",
                "Standard_D15_v2",
                "Standard_F2",
                "Standard_F4",
                "Standard_F8",
                "Standard_F16",
                "Standard_D4_v3",
                "Standard_D8_v3",
                "Standard_D16_v3",
                "Standard_D32_v3",
                "Standard_D64_v3",
                "Standard_E4_v3",
                "Standard_E8_v3",
                "Standard_E16_v3",
                "Standard_E20_v3",
                "Standard_E32_v3",
                "Standard_E64_v3",
                "Standard_E64i_v3",
                "Standard_DS11_v2",
                "Standard_DS12_v2",
                "Standard_DS13_v2",
                "Standard_DS14_v2",
                "Standard_DS15_v2"
              ]
            },
            "osPlatform": "Linux",
            "imageReference": {
              "publisher": "checkpoint",
              "offer": "check-point-cg-r8120",
              "sku": "sg-byol"
            },
            "count": "[steps('autoprovision').vmCount]"
          },
          {
            "name": "R8120vmSizeUiNGTP",
            "type": "Microsoft.Compute.SizeSelector",
            "visible": "[and(equals(steps('chkp').cloudGuardVersion, 'R81.20'), contains(steps('chkp').R80Offer, '(NGTP)'))]",
            "label": "Virtual machine size",
            "toolTip": "The VM size of the Security Gateway",
            "recommendedSizes": [
              "Standard_DS3_v2",
              "Standard_D3_v2"
            ],
            "constraints": {
              "allowedSizes": [
                "Standard_DS2_v2",
                "Standard_DS3_v2",
                "Standard_DS4_v2",
                "Standard_DS5_v2",
                "Standard_F2s",
                "Standard_F4s",
                "Standard_F8s",
                "Standard_F16s",
                "Standard_D4s_v3",
                "Standard_D8s_v3",
                "Standard_D16s_v3",
                "Standard_D32s_v3",
                "Standard_D64s_v3",
                "Standard_E4s_v3",
                "Standard_E8s_v3",
                "Standard_E16s_v3",
                "Standard_E20s_v3",
                "Standard_E32s_v3",
                "Standard_E64s_v3",
                "Standard_E64is_v3",
                "Standard_F4s_v2",
                "Standard_F8s_v2",
                "Standard_F16s_v2",
                "Standard_F32s_v2",
                "Standard_F64s_v2",
                "Standard_M8ms",
                "Standard_M16ms",
                "Standard_M32ms",
                "Standard_M64ms",
                "Standard_M64s",
                "Standard_D2_v2",
                "Standard_D3_v2",
                "Standard_D4_v2",
                "Standard_D5_v2",
                "Standard_D11_v2",
                "Standard_D12_v2",
                "Standard_D13_v2",
                "Standard_D14_v2",
                "Standard_D15_v2",
                "Standard_F2",
                "Standard_F4",
                "Standard_F8",
                "Standard_F16",
                "Standard_D4_v3",
                "Standard_D8_v3",
                "Standard_D16_v3",
                "Standard_D32_v3",
                "Standard_D64_v3",
                "Standard_E4_v3",
                "Standard_E8_v3",
                "Standard_E16_v3",
                "Standard_E20_v3",
                "Standard_E32_v3",
                "Standard_E64_v3",
                "Standard_E64i_v3",
                "Standard_DS11_v2",
                "Standard_DS12_v2",
                "Standard_DS13_v2",
                "Standard_DS14_v2",
                "Standard_DS15_v2"
              ]
            },
            "osPlatform": "Linux",
            "imageReference": {
              "publisher": "checkpoint",
              "offer": "check-point-cg-r8120",
              "sku": "sg-ngtp"
            },
            "count": "[steps('autoprovision').vmCount]"
          },
          {
            "name": "R8120vmSizeUiNGTX",
            "type": "Microsoft.Compute.SizeSelector",
            "visible": "[and(equals(steps('chkp').cloudGuardVersion, 'R81.20'), contains(steps('chkp').R80Offer, '(NGTX)'))]",
            "label": "Virtual machine size",
            "toolTip": "The VM size of the Security Gateway",
            "recommendedSizes": [
              "Standard_DS3_v2",
              "Standard_D3_v2"
            ],
            "constraints": {
              "allowedSizes": [
                "Standard_DS2_v2",
                "Standard_DS3_v2",
                "Standard_DS4_v2",
                "Standard_DS5_v2",
                "Standard_F2s",
                "Standard_F4s",
                "Standard_F8s",
                "Standard_F16s",
                "Standard_D4s_v3",
                "Standard_D8s_v3",
                "Standard_D16s_v3",
                "Standard_D32s_v3",
                "Standard_D64s_v3",
                "Standard_E4s_v3",
                "Standard_E8s_v3",
                "Standard_E16s_v3",
                "Standard_E20s_v3",
                "Standard_E32s_v3",
                "Standard_E64s_v3",
                "Standard_E64is_v3",
                "Standard_F4s_v2",
                "Standard_F8s_v2",
                "Standard_F16s_v2",
                "Standard_F32s_v2",
                "Standard_F64s_v2",
                "Standard_M8ms",
                "Standard_M16ms",
                "Standard_M32ms",
                "Standard_M64ms",
                "Standard_M64s",
                "Standard_D2_v2",
                "Standard_D3_v2",
                "Standard_D4_v2",
                "Standard_D5_v2",
                "Standard_D11_v2",
                "Standard_D12_v2",
                "Standard_D13_v2",
                "Standard_D14_v2",
                "Standard_D15_v2",
                "Standard_F2",
                "Standard_F4",
                "Standard_F8",
                "Standard_F16",
                "Standard_D4_v3",
                "Standard_D8_v3",
                "Standard_D16_v3",
                "Standard_D32_v3",
                "Standard_D64_v3",
                "Standard_E4_v3",
                "Standard_E8_v3",
                "Standard_E16_v3",
                "Standard_E20_v3",
                "Standard_E32_v3",
                "Standard_E64_v3",
                "Standard_E64i_v3",
                "Standard_DS11_v2",
                "Standard_DS12_v2",
                "Standard_DS13_v2",
                "Standard_DS14_v2",
                "Standard_DS15_v2"
              ]
            },
            "osPlatform": "Linux",
            "imageReference": {
              "publisher": "checkpoint",
              "offer": "check-point-cg-r8120",
              "sku": "sg-ngtx"
            },
            "count": "[steps('autoprovision').vmCount]"
          },
          {
            "name": "adminShell",
            "type": "Microsoft.Common.DropDown",
            "label": "Default shell for the admin user",
            "defaultValue": "/etc/cli.sh",
            "toolTip": "The default shell for the admin user",
            "constraints": {
              "allowedValues": [
                {
                  "label": "/etc/cli.sh",
                  "value": "/etc/cli.sh"
                },
                {
                  "label": "/bin/bash",
                  "value": "/bin/bash"
                },
                {
                  "label": "/bin/csh",
                  "value": "/bin/csh"
                },
                {
                  "label": "/bin/tcsh",
                  "value": "/bin/tcsh"
                }
              ]
            }
          },
          {
            "name": "sicKeyUi",
            "type": "Microsoft.Common.PasswordBox",
            "label": {
              "password": "SIC Key",
              "confirmPassword": "Confirm SIC Key"
            },
            "toolTip": "Set the Secure Internal Communication one time secret used to set up trust between the gateway and the management server.",
            "constraints": {
              "required": true,
              "regex": "^[a-z0-9A-Z]{12,30}$",
              "validationMessage": "Only alphanumeric characters are allowed, and the value must be 12-30 characters long."
            },
            "options": {
              "hideConfirmation": false
            }
          },
          {
            "name": "bootstrapScript",
            "type": "Microsoft.Common.FileUpload",
            "label": "Bootstrap script",
            "toolTip": "An optional script to run on the initial boot",
            "constraints": {
              "required": false,
              "accept": ".sh,text/plain"
            },
            "options": {
              "multiple": false,
              "uploadMode": "file",
              "openMode": "text",
              "encoding": "UTF-8"
            }
          },
          {
            "name": "allowUploadDownload",
            "type": "Microsoft.Common.OptionsGroup",
            "label": "Allow download from/upload to Check Point",
            "defaultValue": "Yes",
            "toolTip": "Automatically download Blade Contracts and other important data. Improve product experience by sending data to Check Point",
            "constraints": {
              "allowedValues": [
                {
                  "label": "Yes",
                  "value": "true"
                },
                {
                  "label": "No",
                  "value": "false"
                }
              ]
            }
          },
          {
            "name": "VMDiskType",
            "type": "Microsoft.Common.OptionsGroup",
            "label": "VM disk type",
            "toolTip": "Type of CloudGuard disk.",
            "visible": "[not(contains('R80.40 R81 R81.10' , steps('chkp').cloudGuardVersion))]",
            "defaultValue": "Premium",
            "constraints": {
              "allowedValues": [
                {
                  "label": "Standard",
                  "value": "Standard_LRS"
                },
                {
                  "label": "Premium",
                  "value": "Premium_LRS"
                }
              ]
            }
          },
          {
            "name": "VMDiskTypeOldVersions",
            "type": "Microsoft.Common.OptionsGroup",
            "label": "VM disk type",
            "toolTip": "Type of CloudGuard disk.",
            "visible": "[contains('R80.40 R81 R81.10' , steps('chkp').cloudGuardVersion)]",
            "defaultValue": "Standard",
            "constraints": {
              "allowedValues": [
                {
                  "label": "Standard",
                  "value": "Standard_LRS"
                },
                {
                  "label": "Premium",
                  "value": "Premium_LRS"
                }
              ]
            }
          },
          {
            "name": "useCustomImageUri",
            "type": "Microsoft.Common.OptionsGroup",
            "label": "Use development image uri",
            "defaultValue": "No",
            "toolTip": "Use custom image URI.",
            "constraints": {
              "allowedValues": [
                {
                  "label": "Yes",
                  "value": "Yes"
                },
                {
                  "label": "No",
                  "value": "No"
                }
              ],
              "required": true
            },
            "visible": false
          },
          {
            "name": "sourceImageVhdUri",
            "type": "Microsoft.Common.TextBox",
            "label": "Development Image URI",
            "toolTip": "The URI of the blob containing the development image",
            "constraints": {
              "required": "[equals(steps('chkp').useCustomImageUri, 'Yes')]",
              "regex": "^[a-z0-9A-Z_\\-\\.\\:\\/]{1,500}.vhd$",
              "validationMessage": "Only alphanumeric characters and '_','-','.',':','/' are allowed, the value must be 1-500 characters long and must end with .vhd. "
            },
            "visible": "[equals(steps('chkp').useCustomImageUri, 'Yes')]"
          }
        ]
      },
      {
        "name": "network",
        "label": "Network settings",
        "subLabel": {
          "preValidation": "Configure network settings",
          "postValidation": "Done"
        },
        "bladeTitle": "Network settings",
        "elements": [
          {
            "name": "virtualNetwork",
            "type": "Microsoft.Network.VirtualNetworkCombo",
            "label": {
              "virtualNetwork": "Virtual network",
              "subnets": "Subnets"
            },
            "toolTip": {
              "virtualNetwork": "Virtual Network Name",
              "subnets": "The subnets to deploy into"
            },
            "defaultValue": {
              "name": "vnet01",
              "addressPrefixSize": "/16"
            },
            "constraints": {
              "minAddressPrefixSize": "/28"
            },
            "options": {
              "hideExisting": false
            },
            "subnets": {
              "subnet1": {
                "label": "VMSS Frontend subnet",
                "defaultValue": {
                  "name": "VMSS-Frontend",
                  "addressPrefixSize": "/24"
                },
                "constraints": {
                  "minAddressPrefixSize": "/29",
                  "minAddressCount": "[steps('autoprovision').maxVmCount]",
                  "requireContiguousAddresses": false
                }
              },
              "subnet2": {
                "label": "VMSS Backend subnet",
                "defaultValue": {
                  "name": "VMSS-Backend",
                  "addressPrefixSize": "/24"
                },
                "constraints": {
                  "minAddressPrefixSize": "/29",
                  "minAddressCount": "[steps('autoprovision').maxVmCount]",
                  "requireContiguousAddresses": false
                }
              }
            }
          },
          {
            "name": "NSG",
            "type": "Microsoft.Common.OptionsGroup",
            "label": "Network Security Group",
            "toolTip": "Choose between using an existing NSG or using a new NSG",
            "constraints": {
              "allowedValues": [
                {
                  "label": "Create new",
                  "value": true
                },
                {
                  "label": "Existing NSG",
                  "value": false
                }
              ],
              "required": true
            },
            "visible": true
          },
          {
            "name": "nsgSelector",
            "type": "Microsoft.Solutions.ResourceSelector",
            "label": "Network Security Group",
            "defaultValue": "null",
            "toolTip": "Choose an existing NSG",
            "resourceType": "Microsoft.Network/NetworkSecurityGroups",
            "options": {
              "filter": {
                "subscription": "onBasics",
                "location": "onBasics"
              }
            },
            "constraints": {
              "required": true
            },
            "visible": "[equals(steps('network').NSG, false)]"
          },
          {
            "name": "NSGName",
            "type": "Microsoft.Common.TextBox",
            "label": "Name",
            "defaultValue": "[concat(basics('gatewayScaleSetNameUi') , '-nsg')]",
            "toolTip": "Insert Name for the new NSG",
            "multiLine": false,
            "constraints": {
              "required": "[steps('network').NSG]",
              "regex": "^[a-z0-9A-Z-]{1,30}$",
              "validationMessage": "Only alphanumeric characters are allowed, and the name must be 1-30 characters long."
            },
            "visible": "[steps('network').NSG]"
          }
        ]
      },
      {
        "name": "tags",
        "label": "Tags",
        "elements": [
          {
            "name": "tagsByResource",
            "type": "Microsoft.Common.TagsByResource",
            "toolTip": "Create Azure tags for the new resources",
            "resources": [
              "Function App",
              "Microsoft.Storage/storageAccounts",
              "Microsoft.Compute/virtualMachineScaleSets",
              "Microsoft.Network/routeTables",
              "Microsoft.Network/virtualNetworks",
              "Microsoft.Network/networkSecurityGroups",
              "Microsoft.Network/publicIPAddresses",
              "Microsoft.Network/loadBalancers"
            ]
          }
        ]
      }
    ],
    "outputs": {
      "location": "[location()]",
      "authenticationType": "[basics('auth').authenticationType]",
      "adminPassword": "[basics('auth').password]",
      "sshPublicKey": "[basics('auth').sshPublicKey]",
      "upgrading": "[steps('autoprovision').upgrading]",
      "vmName": "[basics('gatewayScaleSetNameUi')]",
      "instanceCount": "[steps('autoprovision').vmCount]",
      "maxInstanceCount": "[steps('autoprovision').maxVmCount]",
      "managementServer": "[steps('autoprovision').managementServer]",
      "configurationTemplate": "[steps('autoprovision').configurationTemplate]",
      "adminEmail": "[steps('autoprovision').adminEmail]",
      "deploymentMode": "[steps('autoprovision').deploymentMode]",
      "instanceLevelPublicIP": "[steps('autoprovision').instanceLevelPublicIP]",
      "lbsTargetRGName": "[steps('autoprovision').lbsTargetRGName]",
      "elbResourceId": "[steps('autoprovision').elbResourceId]",
      "elbTargetBEAddressPoolName": "[steps('autoprovision').elbBEAddressPoolName]",
      "ilbResourceId": "[steps('autoprovision').ilbResourceId]",
      "ilbTargetBEAddressPoolName": "[steps('autoprovision').ilbBEAddressPoolName]",
      "mgmtInterfaceOpt1": "[steps('autoprovision').mgmtInterfaceOpt1]",
      "mgmtInterfaceOpt2": "[steps('autoprovision').mgmtInterfaceOpt2]",
      "mgmtIPaddress": "[steps('autoprovision').mgmtIPaddress]",
      "appLoadDistribution": "[steps('autoprovision').appLoadDistribution]",
      "ilbLoadDistribution": "[steps('autoprovision').ilbLoadDistribution]",
      "availabilityZonesNum": "[coalesce(steps('autoprovision').availabilityZonesNum, int('0'))]",
      "remoteAccessVpn": "[steps('autoprovision').remoteAccessVpn]",
      "dnsZoneResourceId": "[steps('autoprovision').dnsZoneResourceId]",
      "dnsZoneRecordSetName": "[steps('autoprovision').dnsZoneRecordSetName]",
      "customMetrics": "[steps('autoprovision').customMetrics]",
      "cloudGuardVersion": "[concat(steps('chkp').cloudGuardVersion, ' - ', coalesce(steps('chkp').R80Offer, 'Bring Your Own License'))]",
      "vmSize": "[coalesce(steps('chkp').R8040vmSizeUiBYOL, steps('chkp').R8040vmSizeUiNGTP, steps('chkp').R8040vmSizeUiNGTX, steps('chkp').R81vmSizeUiBYOL, steps('chkp').R81vmSizeUiNGTP, steps('chkp').R81vmSizeUiNGTX, steps('chkp').R8110vmSizeUiBYOL, steps('chkp').R8110vmSizeUiNGTP, steps('chkp').R8110vmSizeUiNGTX, steps('chkp').R8120vmSizeUiBYOL, steps('chkp').R8120vmSizeUiNGTP, steps('chkp').R8120vmSizeUiNGTX)]",
      "sicKey": "[steps('chkp').sicKeyUi]",
      "bootstrapScript": "[steps('chkp').bootstrapScript]",
      "allowDownloadFromUploadToCheckPoint": "[coalesce(steps('chkp').allowUploadDownload, 'true')]",
      "diskType": "[if(contains('R80.40 R81 R81.10' , steps('chkp').cloudGuardVersion) , steps('chkp').VMDiskTypeOldVersions , steps('chkp').VMDiskType)]",
      "sourceImageVhdUri": "[coalesce(steps('chkp').sourceImageVhdUri, 'noCustomUri')]",
      "virtualNetworkName": "[steps('network').virtualNetwork.name]",
      "virtualNetworkAddressPrefixes": "[steps('network').virtualNetwork.addressPrefixes]",
      "vnetNewOrExisting": "[steps('network').virtualNetwork.newOrExisting]",
      "virtualNetworkExistingRGName": "[steps('network').virtualNetwork.resourceGroup]",
      "subnet1Name": "[steps('network').virtualNetwork.subnets.subnet1.name]",
      "subnet1Prefix": "[steps('network').virtualNetwork.subnets.subnet1.addressPrefix]",
      "subnet2Name": "[steps('network').virtualNetwork.subnets.subnet2.name]",
      "subnet2Prefix": "[steps('network').virtualNetwork.subnets.subnet2.addressPrefix]",
      "subnet2StartAddress": "[steps('network').virtualNetwork.subnets.subnet2.startAddress]",
      "floatingIP": "[steps('autoprovision').floatingIP]",
      "IPv4Length": "[steps('autoprovision').IPv4Length]",
      "publicIPPrefix": "[steps('autoprovision').publicIPPrefix]",
      "createNewIPPrefix": "[steps('autoprovision').createNewIPPrefix]",
      "ipPrefixExistingResourceId": "[steps('autoprovision').ipPrefixExistingResourceId]",
      "adminShell": "[steps('chkp').adminShell]",
      "tagsByResource": "[steps('tags').tagsByResource]",
      "deployNewNSG": "[steps('network').NSG]",
      "ExistingNSG": "[steps('network').nsgSelector]",
      "NewNsgName": "[steps('network').NSGName]"
    }
  }
}
